{
    "Gender": 0,
    "Weight": 0.5076612830162048,
    "SkinColor": {
        "r": 0.7099999785423279,
        "g": 0.5899999737739563,
        "b": 0.47999998927116396,
        "a": 1.0
    },
    "HairStyle": "Avatar/Hair/Peaked/Peaked",
    "HairColor": {
        "r": 0.38999998569488528,
        "g": 0.2800000011920929,
        "b": 0.20000000298023225,
        "a": 1.0
    },
    "Mouth": "Avatar/Layers/Face/Face_SlightSmile",
    "FacialHair": "",
    "FacialDetails": "",
    "FacialDetailsIntensity": 0.5,
    "EyeballColor": {
        "r": 1.0,
        "g": 1.0,
        "b": 1.0,
        "a": 1.0
    },
    "UpperEyeLidRestingPosition": 0.5,
    "LowerEyeLidRestingPosition": 0.4762096405029297,
    "PupilDilation": 0.75,
    "EyebrowScale": 1.0,
    "EyebrowThickness": 1.4572579860687256,
    "EyebrowRestingHeight": 0.0,
    "EyebrowRestingAngle": 0.0,
    "Top": "Avatar/Layers/Top/T-Shirt",
    "TopColor": {
        "r": 0.15000000596046449,
        "g": 0.15000000596046449,
        "b": 0.15000000596046449,
        "a": 1.0
    },
    "Bottom": "Avatar/Layers/Bottom/CargoPants",
    "BottomColor": {
        "r": 0.23000000417232514,
        "g": 0.23000000417232514,
        "b": 0.23000000417232514,
        "a": 1.0
    },
    "Shoes": "Avatar/Accessories/Feet/Sneakers/Sneakers",
    "ShoesColor": {
        "r": 0.47999998927116396,
        "g": 0.3199999928474426,
        "b": 0.2199999988079071,
        "a": 1.0
    },
    "Headwear": "",
    "HeadwearColor": {
        "r": 1.0,
        "g": 1.0,
        "b": 1.0,
        "a": 1.0
    },
    "Eyewear": "",
    "EyewearColor": {
        "r": 0.0,
        "g": 0.0,
        "b": 0.0,
        "a": 0.0
    },
    "Tattoos": []
}