{
    "Gender": 0,
    "Weight": 1.0,
    "SkinColor": {
        "r": 0.17000000178813935,
        "g": 0.15000000596046449,
        "b": 0.12999999523162843,
        "a": 1.0
    },
    "HairStyle": "Avatar/Hair/Balding/Balding",
    "HairColor": {
        "r": 0.07000000029802323,
        "g": 0.07000000029802323,
        "b": 0.07000000029802323,
        "a": 1.0
    },
    "Mouth": "Avatar/Layers/Face/Face_SmugPout",
    "FacialHair": "Avatar/Layers/Face/FacialHair_Goatee",
    "FacialDetails": "Avatar/Layers/Face/OldPersonWrinkles",
    "FacialDetailsIntensity": 0.7250000238418579,
    "EyeballColor": {
        "r": 1.0,
        "g": 0.6499999761581421,
        "b": 0.6499999761581421,
        "a": 1.0
    },
    "UpperEyeLidRestingPosition": 0.31612902879714968,
    "LowerEyeLidRestingPosition": 0.26290321350097659,
    "PupilDilation": 1.0,
    "EyebrowScale": 1.3331451416015626,
    "EyebrowThickness": 1.0774192810058594,
    "EyebrowRestingHeight": 0.3629032373428345,
    "EyebrowRestingAngle": -0.4838714599609375,
    "Top": "",
    "TopColor": {
        "r": 1.0,
        "g": 1.0,
        "b": 1.0,
        "a": 1.0
    },
    "Bottom": "",
    "BottomColor": {
        "r": 0.17000000178813935,
        "g": 0.20999999344348908,
        "b": 0.4000000059604645,
        "a": 1.0
    },
    "Shoes": "Avatar/Accessories/Feet/Sneakers/Sneakers",
    "ShoesColor": {
        "r": 0.23000000417232514,
        "g": 0.23000000417232514,
        "b": 0.23000000417232514,
        "a": 1.0
    },
    "Headwear": "",
    "HeadwearColor": {
        "r": 1.0,
        "g": 1.0,
        "b": 1.0,
        "a": 1.0
    },
    "Eyewear": "",
    "EyewearColor": {
        "r": 0.0,
        "g": 0.0,
        "b": 0.0,
        "a": 0.0
    },
    "Tattoos": []
}