{
    "Gender": 0,
    "Weight": 0.3096773624420166,
    "SkinColor": {
        "r": 0.5254902243614197,
        "g": 0.4274509847164154,
        "b": 0.33725491166114809,
        "a": 1.0
    },
    "HairStyle": "Avatar/Hair/Spiky/Spiky",
    "HairColor": {
        "r": 0.12264150381088257,
        "g": 0.07578319311141968,
        "b": 0.044544316828250888,
        "a": 1.0
    },
    "Mouth": "Avatar/Layers/Face/Face_SlightSmile",
    "FacialHair": "Avatar/Layers/Face/FacialHair_Goatee",
    "FacialDetails": "Avatar/Layers/Face/OldPersonWrinkles",
    "FacialDetailsIntensity": 0.9405850172042847,
    "EyeballColor": {
        "r": 1.0,
        "g": 0.8254716992378235,
        "b": 0.8254716992378235,
        "a": 1.0
    },
    "UpperEyeLidRestingPosition": 0.042685624212026599,
    "LowerEyeLidRestingPosition": 0.1399099975824356,
    "PupilDilation": 0.3734433650970459,
    "EyebrowScale": 0.414478600025177,
    "EyebrowThickness": 2.262340545654297,
    "EyebrowRestingHeight": 1.0,
    "EyebrowRestingAngle": 1.5123796463012696,
    "Top": "Avatar/Layers/Top/V-Neck",
    "TopColor": {
        "r": 0.1779547780752182,
        "g": 0.21686768531799317,
        "b": 0.40566039085388186,
        "a": 1.0
    },
    "Bottom": "Avatar/Layers/Bottom/Jeans",
    "BottomColor": {
        "r": 0.9245283007621765,
        "g": 0.3706835210323334,
        "b": 0.3706835210323334,
        "a": 1.0
    },
    "Shoes": "Avatar/Accessories/Feet/Sneakers/Sneakers",
    "ShoesColor": {
        "r": 1.0,
        "g": 1.0,
        "b": 1.0,
        "a": 1.0
    },
    "Headwear": "",
    "HeadwearColor": {
        "r": 1.0,
        "g": 1.0,
        "b": 1.0,
        "a": 1.0
    },
    "Eyewear": "",
    "EyewearColor": {
        "r": 0.0,
        "g": 0.0,
        "b": 0.0,
        "a": 0.0
    },
    "Tattoos": []
}