{
    "Items": [
        "{\"DataType\":\"ItemData\",\"DataVersion\":0,\"GameVersion\":\"0.4.0f5\",\"ID\":\"trimmers\",\"Quantity\":1}",
        "{\"DataType\":\"WateringCanData\",\"DataVersion\":0,\"GameVersion\":\"0.4.0f5\",\"ID\":\"wateringcan\",\"Quantity\":1,\"CurrentFillAmount\":7.480284214019775}",
        "{\"DataType\":\"ItemData\",\"DataVersion\":0,\"GameVersion\":\"0.4.0f5\",\"ID\":\"\",\"Quantity\":0}",
        "{\"DataType\":\"ItemData\",\"DataVersion\":0,\"GameVersion\":\"0.4.0f5\",\"ID\":\"goldenskateboard\",\"Quantity\":1}",
        "{\"DataType\":\"ItemData\",\"DataVersion\":0,\"GameVersion\":\"0.4.0f5\",\"ID\":\"\",\"Quantity\":0}",
        "{\"DataType\":\"ItemData\",\"DataVersion\":0,\"GameVersion\":\"0.4.0f5\",\"ID\":\"\",\"Quantity\":0}",
        "{\"DataType\":\"ItemData\",\"DataVersion\":0,\"GameVersion\":\"0.4.0f5\",\"ID\":\"\",\"Quantity\":0}",
        "{\"DataType\":\"ItemData\",\"DataVersion\":0,\"GameVersion\":\"0.4.0f5\",\"ID\":\"\",\"Quantity\":0}",
        "{\"DataType\":\"CashData\",\"DataVersion\":0,\"GameVersion\":\"0.4.0f5\",\"ID\":\"cash\",\"Quantity\":1,\"CashBalance\":1652.199951171875}"
    ],
    "SlotFilters": [
        {
            "Type": 0,
            "ItemIDs": [],
            "AllowedQualities": [
                0,
                1,
                2,
                3,
                4
            ]
        },
        {
            "Type": 0,
            "ItemIDs": [],
            "AllowedQualities": [
                0,
                1,
                2,
                3,
                4
            ]
        },
        {
            "Type": 0,
            "ItemIDs": [],
            "AllowedQualities": [
                0,
                1,
                2,
                3,
                4
            ]
        },
        {
            "Type": 0,
            "ItemIDs": [],
            "AllowedQualities": [
                0,
                1,
                2,
                3,
                4
            ]
        },
        {
            "Type": 0,
            "ItemIDs": [],
            "AllowedQualities": [
                0,
                1,
                2,
                3,
                4
            ]
        },
        {
            "Type": 0,
            "ItemIDs": [],
            "AllowedQualities": [
                0,
                1,
                2,
                3,
                4
            ]
        },
        {
            "Type": 0,
            "ItemIDs": [],
            "AllowedQualities": [
                0,
                1,
                2,
                3,
                4
            ]
        },
        {
            "Type": 0,
            "ItemIDs": [],
            "AllowedQualities": [
                0,
                1,
                2,
                3,
                4
            ]
        },
        {
            "Type": 0,
            "ItemIDs": [],
            "AllowedQualities": [
                0,
                1,
                2,
                3,
                4
            ]
        }
    ]
}