{
    "Items": [
        "{\"DataType\":\"ItemData\",\"DataVersion\":0,\"GameVersion\":\"0.4.0f5\",\"ID\":\"\",\"Quantity\":0}",
        "{\"DataType\":\"TrashGrabberData\",\"DataVersion\":0,\"GameVersion\":\"0.4.0f5\",\"ID\":\"trashgrabber\",\"Quantity\":1,\"Content\":{\"TrashIDs\":[],\"TrashQuantities\":[]}}",
        "{\"DataType\":\"ItemData\",\"DataVersion\":0,\"GameVersion\":\"0.4.0f5\",\"ID\":\"electrictrimmers\",\"Quantity\":1}",
        "{\"DataType\":\"ItemData\",\"DataVersion\":0,\"GameVersion\":\"0.4.0f5\",\"ID\":\"viagor\",\"Quantity\":1}",
        "{\"DataType\":\"ItemData\",\"DataVersion\":0,\"GameVersion\":\"0.4.0f5\",\"ID\":\"\",\"Quantity\":0}",
        "{\"DataType\":\"WeedData\",\"DataVersion\":0,\"GameVersion\":\"0.4.0f5\",\"ID\":\"weddingass\",\"Quantity\":1,\"Quality\":\"Poor\",\"PackagingID\":\"jar\"}",
        "{\"DataType\":\"ItemData\",\"DataVersion\":0,\"GameVersion\":\"0.4.0f5\",\"ID\":\"goldenskateboard\",\"Quantity\":1}",
        "{\"DataType\":\"ItemData\",\"DataVersion\":0,\"GameVersion\":\"0.4.0f5\",\"ID\":\"\",\"Quantity\":0}",
        "{\"DataType\":\"CashData\",\"DataVersion\":0,\"GameVersion\":\"0.4.0f5\",\"ID\":\"cash\",\"Quantity\":1,\"CashBalance\":7309.0}"
    ],
    "SlotFilters": [
        {
            "Type": 0,
            "ItemIDs": [],
            "AllowedQualities": [
                0,
                1,
                2,
                3,
                4
            ]
        },
        {
            "Type": 0,
            "ItemIDs": [],
            "AllowedQualities": [
                0,
                1,
                2,
                3,
                4
            ]
        },
        {
            "Type": 0,
            "ItemIDs": [],
            "AllowedQualities": [
                0,
                1,
                2,
                3,
                4
            ]
        },
        {
            "Type": 0,
            "ItemIDs": [],
            "AllowedQualities": [
                0,
                1,
                2,
                3,
                4
            ]
        },
        {
            "Type": 0,
            "ItemIDs": [],
            "AllowedQualities": [
                0,
                1,
                2,
                3,
                4
            ]
        },
        {
            "Type": 0,
            "ItemIDs": [],
            "AllowedQualities": [
                0,
                1,
                2,
                3,
                4
            ]
        },
        {
            "Type": 0,
            "ItemIDs": [],
            "AllowedQualities": [
                0,
                1,
                2,
                3,
                4
            ]
        },
        {
            "Type": 0,
            "ItemIDs": [],
            "AllowedQualities": [
                0,
                1,
                2,
                3,
                4
            ]
        },
        {
            "Type": 0,
            "ItemIDs": [],
            "AllowedQualities": [
                0,
                1,
                2,
                3,
                4
            ]
        }
    ]
}