{
    "Items": [
        "{\"DataType\":\"ItemData\",\"DataVersion\":0,\"GameVersion\":\"0.4.0f5\",\"ID\":\"trimmers\",\"Quantity\":1}",
        "{\"DataType\":\"ItemData\",\"DataVersion\":0,\"GameVersion\":\"0.4.0f5\",\"ID\":\"\",\"Quantity\":0}",
        "{\"DataType\":\"ItemData\",\"DataVersion\":0,\"GameVersion\":\"0.4.0f5\",\"ID\":\"\",\"Quantity\":0}",
        "{\"DataType\":\"ItemData\",\"DataVersion\":0,\"GameVersion\":\"0.4.0f5\",\"ID\":\"\",\"Quantity\":0}",
        "{\"DataType\":\"ItemData\",\"DataVersion\":0,\"GameVersion\":\"0.4.0f5\",\"ID\":\"\",\"Quantity\":0}",
        "{\"DataType\":\"ItemData\",\"DataVersion\":0,\"GameVersion\":\"0.4.0f5\",\"ID\":\"skateboard\",\"Quantity\":1}",
        "{\"DataType\":\"ItemData\",\"DataVersion\":0,\"GameVersion\":\"0.4.0f5\",\"ID\":\"\",\"Quantity\":0}",
        "{\"DataType\":\"WeedData\",\"DataVersion\":0,\"GameVersion\":\"0.4.0f5\",\"ID\":\"sweetghost\",\"Quantity\":1,\"Quality\":\"Standard\",\"PackagingID\":\"baggie\"}",
        "{\"DataType\":\"CashData\",\"DataVersion\":0,\"GameVersion\":\"0.4.0f5\",\"ID\":\"cash\",\"Quantity\":1,\"CashBalance\":0.0}"
    ],
    "SlotFilters": [
        {
            "Type": 0,
            "ItemIDs": [],
            "AllowedQualities": [
                0,
                1,
                2,
                3,
                4
            ]
        },
        {
            "Type": 0,
            "ItemIDs": [],
            "AllowedQualities": [
                0,
                1,
                2,
                3,
                4
            ]
        },
        {
            "Type": 0,
            "ItemIDs": [],
            "AllowedQualities": [
                0,
                1,
                2,
                3,
                4
            ]
        },
        {
            "Type": 0,
            "ItemIDs": [],
            "AllowedQualities": [
                0,
                1,
                2,
                3,
                4
            ]
        },
        {
            "Type": 0,
            "ItemIDs": [],
            "AllowedQualities": [
                0,
                1,
                2,
                3,
                4
            ]
        },
        {
            "Type": 0,
            "ItemIDs": [],
            "AllowedQualities": [
                0,
                1,
                2,
                3,
                4
            ]
        },
        {
            "Type": 0,
            "ItemIDs": [],
            "AllowedQualities": [
                0,
                1,
                2,
                3,
                4
            ]
        },
        {
            "Type": 0,
            "ItemIDs": [],
            "AllowedQualities": [
                0,
                1,
                2,
                3,
                4
            ]
        },
        {
            "Type": 0,
            "ItemIDs": [],
            "AllowedQualities": [
                0,
                1,
                2,
                3,
                4
            ]
        }
    ]
}