{
    "DataType": "CartelData",
    "DataVersion": 0,
    "GameVersion": "0.4.0f5",
    "Status": 0,
    "HoursSinceStatusChange": 563,
    "RegionInfluence": [
        {
            "Region": 0,
            "Influence": 0.0
        },
        {
            "Region": 1,
            "Influence": 0.7499999403953552
        },
        {
            "Region": 2,
            "Influence": 1.0
        },
        {
            "Region": 3,
            "Influence": 1.0
        },
        {
            "Region": 4,
            "Influence": 1.0
        },
        {
            "Region": 5,
            "Influence": 1.0
        }
    ],
    "HoursUntilNextGlobalActivity": 0,
    "RegionalActivityData": [
        {
            "Region": 0,
            "CurrentActivityIndex": -1,
            "HoursUntilNextActivity": 47
        },
        {
            "Region": 1,
            "CurrentActivityIndex": -1,
            "HoursUntilNextActivity": 22
        },
        {
            "Region": 2,
            "CurrentActivityIndex": -1,
            "HoursUntilNextActivity": 35
        },
        {
            "Region": 3,
            "CurrentActivityIndex": -1,
            "HoursUntilNextActivity": 33
        },
        {
            "Region": 4,
            "CurrentActivityIndex": -1,
            "HoursUntilNextActivity": 24
        },
        {
            "Region": 5,
            "CurrentActivityIndex": -1,
            "HoursUntilNextActivity": 30
        }
    ],
    "ActiveCartelDeal": {
        "RequestedProductID": "",
        "RequestedProductQuantity": 0,
        "PaymentAmount": 0,
        "DueTime": {
            "elapsedDays": 0,
            "time": 0
        },
        "Status": 0
    },
    "HoursUntilNextDealRequest": 0
}