{
    "DataType": "MetaData",
    "DataVersion": 0,
    "GameVersion": "0.4.0f5",
    "CreationDate": {
        "DataType": "DateTimeData",
        "DataVersion": 0,
        "GameVersion": "0.4.0f5",
        "Year": 2025,
        "Month": 9,
        "Day": 5,
        "Hour": 20,
        "Minute": 59,
        "Second": 17
    },
    "LastPlayedDate": {
        "DataType": "DateTimeData",
        "DataVersion": 0,
        "GameVersion": "0.4.0f5",
        "Year": 2025,
        "Month": 9,
        "Day": 7,
        "Hour": 18,
        "Minute": 53,
        "Second": 35
    },
    "CreationVersion": "0.4.0f5",
    "LastSaveVersion": "0.4.0f5",
    "PlayTutorial": false
}