{
    "DataType": "MetaData",
    "DataVersion": 0,
    "GameVersion": "0.4.0f5",
    "CreationDate": {
        "DataType": "DateTimeData",
        "DataVersion": 0,
        "GameVersion": "0.4.0f5",
        "Year": 2025,
        "Month": 9,
        "Day": 5,
        "Hour": 20,
        "Minute": 59,
        "Second": 17
    },
    "LastPlayedDate": {
        "DataType": "DateTimeData",
        "DataVersion": 0,
        "GameVersion": "0.4.0f5",
        "Year": 2025,
        "Month": 9,
        "Day": 8,
        "Hour": 11,
        "Minute": 35,
        "Second": 14
    },
    "CreationVersion": "0.4.0f5",
    "LastSaveVersion": "0.4.0f5",
    "PlayTutorial": false
}