{
    "DataType": "VehicleCollectionData",
    "DataVersion": 0,
    "GameVersion": "0.4.0f5",
    "Vehicles": [
        {
            "DataType": "VehicleData",
            "DataVersion": 0,
            "GameVersion": "0.4.0f5",
            "GUID": "4cb7d7e8-8e38-40d0-bc13-11e880884891",
            "VehicleCode": "veeper",
            "Position": {
                "x": -163.9690399169922,
                "y": -3.4922711849212648,
                "z": 109.60942840576172
            },
            "Rotation": {
                "x": -1.1366013552560617e-7,
                "y": 0.7096633911132813,
                "z": 1.1106661190751766e-7,
                "w": 0.7045409679412842
            },
            "Color": "White",
            "VehicleContents": {
                "Items": [],
                "SlotFilters": []
            }
        }
    ]
}