{
    "DataType": "VehicleCollectionData",
    "DataVersion": 0,
    "GameVersion": "0.4.0f5",
    "Vehicles": [
        {
            "DataType": "VehicleData",
            "DataVersion": 0,
            "GameVersion": "0.4.0f5",
            "GUID": "4cb7d7e8-8e38-40d0-bc13-11e880884891",
            "VehicleCode": "veeper",
            "Position": {
                "x": -65.93937683105469,
                "y": -3.486027240753174,
                "z": 127.65995788574219
            },
            "Rotation": {
                "x": 0.0054097301326692108,
                "y": 0.19680160284042359,
                "z": -0.015538519248366356,
                "w": 0.9803052544593811
            },
            "Color": "White",
            "VehicleContents": {
                "Items": [],
                "SlotFilters": []
            }
        }
    ]
}