{
    "DataType": "VehicleCollectionData",
    "DataVersion": 0,
    "GameVersion": "0.4.0f5",
    "Vehicles": [
        {
            "DataType": "VehicleData",
            "DataVersion": 0,
            "GameVersion": "0.4.0f5",
            "GUID": "4cb7d7e8-8e38-40d0-bc13-11e880884891",
            "VehicleCode": "veeper",
            "Position": {
                "x": -41.249046325683597,
                "y": 0.5302098393440247,
                "z": 51.59031677246094
            },
            "Rotation": {
                "x": 0.005453063640743494,
                "y": 0.9134324789047241,
                "z": 0.01224527508020401,
                "w": -0.40676969289779665
            },
            "Color": "White",
            "VehicleContents": {
                "Items": [],
                "SlotFilters": []
            }
        }
    ]
}