{
    "DataType": "ProductManagerData",
    "DataVersion": 0,
    "GameVersion": "0.4.0f5",
    "DiscoveredProducts": [
        "ogkush",
        "sourdiesel",
        "greencrack",
        "granddaddypurple",
        "banan",
        "weddingass",
        "afghanshart",
        "sweetghost",
        "darksmegma",
        "lastink",
        "purplecheese",
        "pinkcheese",
        "miraclecock",
        "fatcum",
        "californiacookies",
        "girlscoutpuke",
        "miraclecrack",
        "biggold",
        "pinkballs",
        "strawberryshart",
        "californiapunch",
        "strawberrydick",
        "strawberrydurkle",
        "fatcheese",
        "bananagrool",
        "slimyballs",
        "icecreampiss",
        "dreamcrystal",
        "larhino",
        "miraclehaze",
        "ogmclovin",
        "fruityqueef",
        "tokyoassblaster",
        "thickdiesel",
        "californiadiesel",
        "shinystink",
        "aspenshart",
        "darkmint",
        "ultrashart",
        "ultrapunch",
        "ultracock",
        "nightmarecake",
        "granddaddystink",
        "ultracake",
        "sweetassblaster",
        "bananacum",
        "sweetsmegma",
        "fatdeath",
        "deathshart",
        "weddingsplooge",
        "bananapunch",
        "californiaurkle",
        "banan+gass",
        "cocaine",
        "meth",
        "islandcrack",
        "ogmonkey",
        "gorillamint",
        "stinkymonkey",
        "girlscoutthunderfuck",
        "darkballs"
    ],
    "ListedProducts": [],
    "ActiveMixOperation": {
        "ProductID": "",
        "IngredientID": ""
    },
    "IsMixComplete": false,
    "MixRecipes": [
        {
            "Product": "banana",
            "Mixer": "sourdiesel",
            "Output": "banan"
        },
        {
            "Product": "viagor",
            "Mixer": "sourdiesel",
            "Output": "weddingass"
        },
        {
            "Product": "viagor",
            "Mixer": "ogkush",
            "Output": "afghanshart"
        },
        {
            "Product": "paracetamol",
            "Mixer": "afghanshart",
            "Output": "sweetghost"
        },
        {
            "Product": "cuke",
            "Mixer": "sourdiesel",
            "Output": "darksmegma"
        },
        {
            "Product": "mouthwash",
            "Mixer": "granddaddypurple",
            "Output": "lastink"
        },
        {
            "Product": "mouthwash",
            "Mixer": "ogkush",
            "Output": "purplecheese"
        },
        {
            "Product": "mouthwash",
            "Mixer": "weddingass",
            "Output": "pinkcheese"
        },
        {
            "Product": "paracetamol",
            "Mixer": "weddingass",
            "Output": "miraclecock"
        },
        {
            "Product": "mouthwash",
            "Mixer": "greencrack",
            "Output": "fatcum"
        },
        {
            "Product": "flumedicine",
            "Mixer": "sourdiesel",
            "Output": "californiacookies"
        },
        {
            "Product": "paracetamol",
            "Mixer": "sourdiesel",
            "Output": "girlscoutpuke"
        },
        {
            "Product": "gasoline",
            "Mixer": "ogkush",
            "Output": "miraclecrack"
        },
        {
            "Product": "cuke",
            "Mixer": "miraclecrack",
            "Output": "biggold"
        },
        {
            "Product": "flumedicine",
            "Mixer": "biggold",
            "Output": "pinkballs"
        },
        {
            "Product": "sweetghost",
            "Mixer": "energydrink",
            "Output": "strawberryshart"
        },
        {
            "Product": "strawberryshart",
            "Mixer": "cuke",
            "Output": "californiapunch"
        },
        {
            "Product": "sweetghost",
            "Mixer": "cuke",
            "Output": "strawberrydick"
        },
        {
            "Product": "granddaddypurple",
            "Mixer": "viagor",
            "Output": "strawberrydurkle"
        },
        {
            "Product": "strawberrydurkle",
            "Mixer": "paracetamol",
            "Output": "fatcheese"
        },
        {
            "Product": "granddaddypurple",
            "Mixer": "gasoline",
            "Output": "bananagrool"
        },
        {
            "Product": "bananagrool",
            "Mixer": "energydrink",
            "Output": "slimyballs"
        },
        {
            "Product": "californiacookies",
            "Mixer": "energydrink",
            "Output": "icecreampiss"
        },
        {
            "Product": "icecreampiss",
            "Mixer": "cuke",
            "Output": "dreamcrystal"
        },
        {
            "Product": "dreamcrystal",
            "Mixer": "gasoline",
            "Output": "larhino"
        },
        {
            "Product": "larhino",
            "Mixer": "gasoline",
            "Output": "miraclehaze"
        },
        {
            "Product": "miraclehaze",
            "Mixer": "mouthwash",
            "Output": "ogmclovin"
        },
        {
            "Product": "slimyballs",
            "Mixer": "cuke",
            "Output": "fruityqueef"
        },
        {
            "Product": "biggold",
            "Mixer": "banana",
            "Output": "tokyoassblaster"
        },
        {
            "Product": "tokyoassblaster",
            "Mixer": "gasoline",
            "Output": "thickdiesel"
        },
        {
            "Product": "miraclecrack",
            "Mixer": "energydrink",
            "Output": "californiadiesel"
        },
        {
            "Product": "californiadiesel",
            "Mixer": "viagor",
            "Output": "shinystink"
        },
        {
            "Product": "banan",
            "Mixer": "cuke",
            "Output": "aspenshart"
        },
        {
            "Product": "aspenshart",
            "Mixer": "paracetamol",
            "Output": "darkmint"
        },
        {
            "Product": "darkmint",
            "Mixer": "flumedicine",
            "Output": "ultrashart"
        },
        {
            "Product": "ultrashart",
            "Mixer": "gasoline",
            "Output": "ultrapunch"
        },
        {
            "Product": "ultrapunch",
            "Mixer": "banana",
            "Output": "ultracock"
        },
        {
            "Product": "ultracock",
            "Mixer": "cuke",
            "Output": "nightmarecake"
        },
        {
            "Product": "nightmarecake",
            "Mixer": "flumedicine",
            "Output": "granddaddystink"
        },
        {
            "Product": "paracetamol",
            "Mixer": "ogkush",
            "Output": "ultracake"
        },
        {
            "Product": "granddaddypurple",
            "Mixer": "paracetamol",
            "Output": "sweetassblaster"
        },
        {
            "Product": "sweetassblaster",
            "Mixer": "cuke",
            "Output": "bananacum"
        },
        {
            "Product": "bananacum",
            "Mixer": "gasoline",
            "Output": "sweetsmegma"
        },
        {
            "Product": "sweetsmegma",
            "Mixer": "energydrink",
            "Output": "fatdeath"
        },
        {
            "Product": "fatdeath",
            "Mixer": "viagor",
            "Output": "deathshart"
        },
        {
            "Product": "granddaddypurple",
            "Mixer": "energydrink",
            "Output": "weddingsplooge"
        },
        {
            "Product": "granddaddypurple",
            "Mixer": "banana",
            "Output": "bananapunch"
        },
        {
            "Product": "bananapunch",
            "Mixer": "cuke",
            "Output": "californiaurkle"
        },
        {
            "Product": "banan",
            "Mixer": "gasoline",
            "Output": "banan+gass"
        },
        {
            "Product": "iodine",
            "Mixer": "afghanshart",
            "Output": "islandcrack"
        },
        {
            "Product": "chili",
            "Mixer": "islandcrack",
            "Output": "ogmonkey"
        },
        {
            "Product": "gasoline",
            "Mixer": "ogmonkey",
            "Output": "gorillamint"
        },
        {
            "Product": "cuke",
            "Mixer": "gorillamint",
            "Output": "stinkymonkey"
        },
        {
            "Product": "banana",
            "Mixer": "afghanshart",
            "Output": "girlscoutthunderfuck"
        },
        {
            "Product": "horsesemen",
            "Mixer": "afghanshart",
            "Output": "darkballs"
        }
    ],
    "ProductPrices": [
        {
            "String": "ogkush",
            "Int": 60
        },
        {
            "String": "sourdiesel",
            "Int": 60
        },
        {
            "String": "greencrack",
            "Int": 70
        },
        {
            "String": "granddaddypurple",
            "Int": 70
        },
        {
            "String": "meth",
            "Int": 70
        },
        {
            "String": "cocaine",
            "Int": 150
        },
        {
            "String": "banan",
            "Int": 47
        },
        {
            "String": "weddingass",
            "Int": 85
        },
        {
            "String": "afghanshart",
            "Int": 55
        },
        {
            "String": "sweetghost",
            "Int": 100
        },
        {
            "String": "darksmegma",
            "Int": 48
        },
        {
            "String": "lastink",
            "Int": 55
        },
        {
            "String": "purplecheese",
            "Int": 64
        },
        {
            "String": "pinkcheese",
            "Int": 66
        },
        {
            "String": "miraclecock",
            "Int": 64
        },
        {
            "String": "fatcum",
            "Int": 53
        },
        {
            "String": "californiacookies",
            "Int": 49
        },
        {
            "String": "girlscoutpuke",
            "Int": 48
        },
        {
            "String": "miraclecrack",
            "Int": 38
        },
        {
            "String": "biggold",
            "Int": 52
        },
        {
            "String": "pinkballs",
            "Int": 66
        },
        {
            "String": "strawberryshart",
            "Int": 83
        },
        {
            "String": "californiapunch",
            "Int": 74
        },
        {
            "String": "strawberrydick",
            "Int": 63
        },
        {
            "String": "strawberrydurkle",
            "Int": 60
        },
        {
            "String": "fatcheese",
            "Int": 69
        },
        {
            "String": "bananagrool",
            "Int": 44
        },
        {
            "String": "slimyballs",
            "Int": 50
        },
        {
            "String": "icecreampiss",
            "Int": 55
        },
        {
            "String": "dreamcrystal",
            "Int": 63
        },
        {
            "String": "larhino",
            "Int": 66
        },
        {
            "String": "miraclehaze",
            "Int": 74
        },
        {
            "String": "ogmclovin",
            "Int": 84
        },
        {
            "String": "fruityqueef",
            "Int": 64
        },
        {
            "String": "tokyoassblaster",
            "Int": 72
        },
        {
            "String": "thickdiesel",
            "Int": 80
        },
        {
            "String": "californiadiesel",
            "Int": 50
        },
        {
            "String": "shinystink",
            "Int": 63
        },
        {
            "String": "aspenshart",
            "Int": 63
        },
        {
            "String": "darkmint",
            "Int": 64
        },
        {
            "String": "ultrashart",
            "Int": 64
        },
        {
            "String": "ultrapunch",
            "Int": 69
        },
        {
            "String": "ultracock",
            "Int": 99
        },
        {
            "String": "nightmarecake",
            "Int": 107
        },
        {
            "String": "granddaddystink",
            "Int": 99
        },
        {
            "String": "ultracake",
            "Int": 55
        },
        {
            "String": "sweetassblaster",
            "Int": 52
        },
        {
            "String": "bananacum",
            "Int": 52
        },
        {
            "String": "sweetsmegma",
            "Int": 54
        },
        {
            "String": "fatdeath",
            "Int": 62
        },
        {
            "String": "deathshart",
            "Int": 75
        },
        {
            "String": "weddingsplooge",
            "Int": 50
        },
        {
            "String": "bananapunch",
            "Int": 51
        },
        {
            "String": "californiaurkle",
            "Int": 67
        },
        {
            "String": "banan+gass",
            "Int": 40
        },
        {
            "String": "islandcrack",
            "Int": 76
        },
        {
            "String": "ogmonkey",
            "Int": 90
        },
        {
            "String": "gorillamint",
            "Int": 83
        },
        {
            "String": "stinkymonkey",
            "Int": 89
        },
        {
            "String": "girlscoutthunderfuck",
            "Int": 66
        },
        {
            "String": "darkballs",
            "Int": 73
        }
    ],
    "FavouritedProducts": [
        "afghanshart",
        "weddingass",
        "purplecheese",
        "slimyballs",
        "sweetghost"
    ],
    "CreatedWeed": [
        {
            "DataType": "WeedProductData",
            "DataVersion": 0,
            "GameVersion": "0.4.0f5",
            "Name": "Banan",
            "ID": "banan",
            "DrugType": 0,
            "Properties": [
                "refreshing",
                "gingeritis"
            ],
            "AppearanceSettings": {
                "MainColor": {
                    "r": 103,
                    "g": 123,
                    "b": 82,
                    "a": 255
                },
                "SecondaryColor": {
                    "r": 158,
                    "g": 150,
                    "b": 86,
                    "a": 255
                },
                "LeafColor": {
                    "r": 130,
                    "g": 136,
                    "b": 84,
                    "a": 255
                },
                "StemColor": {
                    "r": 82,
                    "g": 98,
                    "b": 65,
                    "a": 255
                }
            }
        },
        {
            "DataType": "WeedProductData",
            "DataVersion": 0,
            "GameVersion": "0.4.0f5",
            "Name": "Wedding Ass",
            "ID": "weddingass",
            "DrugType": 0,
            "Properties": [
                "refreshing",
                "tropicthunder"
            ],
            "AppearanceSettings": {
                "MainColor": {
                    "r": 103,
                    "g": 123,
                    "b": 82,
                    "a": 255
                },
                "SecondaryColor": {
                    "r": 196,
                    "g": 189,
                    "b": 105,
                    "a": 255
                },
                "LeafColor": {
                    "r": 149,
                    "g": 156,
                    "b": 93,
                    "a": 255
                },
                "StemColor": {
                    "r": 82,
                    "g": 98,
                    "b": 65,
                    "a": 255
                }
            }
        },
        {
            "DataType": "WeedProductData",
            "DataVersion": 0,
            "GameVersion": "0.4.0f5",
            "Name": "Afghan Shart",
            "ID": "afghanshart",
            "DrugType": 0,
            "Properties": [
                "calming",
                "tropicthunder"
            ],
            "AppearanceSettings": {
                "MainColor": {
                    "r": 114,
                    "g": 116,
                    "b": 82,
                    "a": 255
                },
                "SecondaryColor": {
                    "r": 228,
                    "g": 171,
                    "b": 106,
                    "a": 255
                },
                "LeafColor": {
                    "r": 171,
                    "g": 143,
                    "b": 94,
                    "a": 255
                },
                "StemColor": {
                    "r": 91,
                    "g": 92,
                    "b": 65,
                    "a": 255
                }
            }
        },
        {
            "DataType": "WeedProductData",
            "DataVersion": 0,
            "GameVersion": "0.4.0f5",
            "Name": "Sweet Ghost",
            "ID": "sweetghost",
            "DrugType": 0,
            "Properties": [
                "sneaky",
                "slippery",
                "tropicthunder"
            ],
            "AppearanceSettings": {
                "MainColor": {
                    "r": 99,
                    "g": 106,
                    "b": 85,
                    "a": 255
                },
                "SecondaryColor": {
                    "r": 133,
                    "g": 151,
                    "b": 145,
                    "a": 255
                },
                "LeafColor": {
                    "r": 116,
                    "g": 128,
                    "b": 115,
                    "a": 255
                },
                "StemColor": {
                    "r": 79,
                    "g": 84,
                    "b": 68,
                    "a": 255
                }
            }
        },
        {
            "DataType": "WeedProductData",
            "DataVersion": 0,
            "GameVersion": "0.4.0f5",
            "Name": "Dark Smegma",
            "ID": "darksmegma",
            "DrugType": 0,
            "Properties": [
                "refreshing",
                "energizing"
            ],
            "AppearanceSettings": {
                "MainColor": {
                    "r": 103,
                    "g": 123,
                    "b": 82,
                    "a": 255
                },
                "SecondaryColor": {
                    "r": 138,
                    "g": 174,
                    "b": 100,
                    "a": 255
                },
                "LeafColor": {
                    "r": 120,
                    "g": 148,
                    "b": 91,
                    "a": 255
                },
                "StemColor": {
                    "r": 82,
                    "g": 98,
                    "b": 65,
                    "a": 255
                }
            }
        },
        {
            "DataType": "WeedProductData",
            "DataVersion": 0,
            "GameVersion": "0.4.0f5",
            "Name": "LA Stink",
            "ID": "lastink",
            "DrugType": 0,
            "Properties": [
                "sedating",
                "balding"
            ],
            "AppearanceSettings": {
                "MainColor": {
                    "r": 83,
                    "g": 88,
                    "b": 95,
                    "a": 255
                },
                "SecondaryColor": {
                    "r": 128,
                    "g": 109,
                    "b": 93,
                    "a": 255
                },
                "LeafColor": {
                    "r": 105,
                    "g": 98,
                    "b": 94,
                    "a": 255
                },
                "StemColor": {
                    "r": 66,
                    "g": 70,
                    "b": 76,
                    "a": 255
                }
            }
        },
        {
            "DataType": "WeedProductData",
            "DataVersion": 0,
            "GameVersion": "0.4.0f5",
            "Name": "Purple Cheese",
            "ID": "purplecheese",
            "DrugType": 0,
            "Properties": [
                "balding",
                "antigravity"
            ],
            "AppearanceSettings": {
                "MainColor": {
                    "r": 139,
                    "g": 120,
                    "b": 61,
                    "a": 255
                },
                "SecondaryColor": {
                    "r": 118,
                    "g": 118,
                    "b": 127,
                    "a": 255
                },
                "LeafColor": {
                    "r": 128,
                    "g": 119,
                    "b": 94,
                    "a": 255
                },
                "StemColor": {
                    "r": 111,
                    "g": 96,
                    "b": 48,
                    "a": 255
                }
            }
        },
        {
            "DataType": "WeedProductData",
            "DataVersion": 0,
            "GameVersion": "0.4.0f5",
            "Name": "Pink Cheese",
            "ID": "pinkcheese",
            "DrugType": 0,
            "Properties": [
                "refreshing",
                "balding",
                "tropicthunder"
            ],
            "AppearanceSettings": {
                "MainColor": {
                    "r": 103,
                    "g": 123,
                    "b": 82,
                    "a": 255
                },
                "SecondaryColor": {
                    "r": 161,
                    "g": 168,
                    "b": 92,
                    "a": 255
                },
                "LeafColor": {
                    "r": 132,
                    "g": 145,
                    "b": 87,
                    "a": 255
                },
                "StemColor": {
                    "r": 82,
                    "g": 98,
                    "b": 65,
                    "a": 255
                }
            }
        },
        {
            "DataType": "WeedProductData",
            "DataVersion": 0,
            "GameVersion": "0.4.0f5",
            "Name": "Miracle Cock",
            "ID": "miraclecock",
            "DrugType": 0,
            "Properties": [
                "refreshing",
                "sneaky",
                "tropicthunder"
            ],
            "AppearanceSettings": {
                "MainColor": {
                    "r": 103,
                    "g": 123,
                    "b": 82,
                    "a": 255
                },
                "SecondaryColor": {
                    "r": 132,
                    "g": 147,
                    "b": 103,
                    "a": 255
                },
                "LeafColor": {
                    "r": 117,
                    "g": 135,
                    "b": 92,
                    "a": 255
                },
                "StemColor": {
                    "r": 82,
                    "g": 98,
                    "b": 65,
                    "a": 255
                }
            }
        },
        {
            "DataType": "WeedProductData",
            "DataVersion": 0,
            "GameVersion": "0.4.0f5",
            "Name": "Fat Cum",
            "ID": "fatcum",
            "DrugType": 0,
            "Properties": [
                "energizing",
                "balding"
            ],
            "AppearanceSettings": {
                "MainColor": {
                    "r": 109,
                    "g": 146,
                    "b": 81,
                    "a": 255
                },
                "SecondaryColor": {
                    "r": 154,
                    "g": 168,
                    "b": 79,
                    "a": 255
                },
                "LeafColor": {
                    "r": 131,
                    "g": 157,
                    "b": 80,
                    "a": 255
                },
                "StemColor": {
                    "r": 87,
                    "g": 116,
                    "b": 64,
                    "a": 255
                }
            }
        },
        {
            "DataType": "WeedProductData",
            "DataVersion": 0,
            "GameVersion": "0.4.0f5",
            "Name": "California Cookies",
            "ID": "californiacookies",
            "DrugType": 0,
            "Properties": [
                "refreshing",
                "sedating"
            ],
            "AppearanceSettings": {
                "MainColor": {
                    "r": 103,
                    "g": 123,
                    "b": 82,
                    "a": 255
                },
                "SecondaryColor": {
                    "r": 121,
                    "g": 134,
                    "b": 109,
                    "a": 255
                },
                "LeafColor": {
                    "r": 112,
                    "g": 128,
                    "b": 95,
                    "a": 255
                },
                "StemColor": {
                    "r": 82,
                    "g": 98,
                    "b": 65,
                    "a": 255
                }
            }
        },
        {
            "DataType": "WeedProductData",
            "DataVersion": 0,
            "GameVersion": "0.4.0f5",
            "Name": "Girl Scout Puke",
            "ID": "girlscoutpuke",
            "DrugType": 0,
            "Properties": [
                "refreshing",
                "sneaky"
            ],
            "AppearanceSettings": {
                "MainColor": {
                    "r": 103,
                    "g": 123,
                    "b": 82,
                    "a": 255
                },
                "SecondaryColor": {
                    "r": 132,
                    "g": 147,
                    "b": 103,
                    "a": 255
                },
                "LeafColor": {
                    "r": 117,
                    "g": 135,
                    "b": 92,
                    "a": 255
                },
                "StemColor": {
                    "r": 82,
                    "g": 98,
                    "b": 65,
                    "a": 255
                }
            }
        },
        {
            "DataType": "WeedProductData",
            "DataVersion": 0,
            "GameVersion": "0.4.0f5",
            "Name": "Miracle Crack",
            "ID": "miraclecrack",
            "DrugType": 0,
            "Properties": [
                "calming",
                "toxic"
            ],
            "AppearanceSettings": {
                "MainColor": {
                    "r": 114,
                    "g": 116,
                    "b": 82,
                    "a": 255
                },
                "SecondaryColor": {
                    "r": 142,
                    "g": 144,
                    "b": 88,
                    "a": 255
                },
                "LeafColor": {
                    "r": 128,
                    "g": 130,
                    "b": 85,
                    "a": 255
                },
                "StemColor": {
                    "r": 91,
                    "g": 92,
                    "b": 65,
                    "a": 255
                }
            }
        },
        {
            "DataType": "WeedProductData",
            "DataVersion": 0,
            "GameVersion": "0.4.0f5",
            "Name": "Big Gold",
            "ID": "biggold",
            "DrugType": 0,
            "Properties": [
                "calming",
                "Euphoric",
                "energizing"
            ],
            "AppearanceSettings": {
                "MainColor": {
                    "r": 114,
                    "g": 116,
                    "b": 82,
                    "a": 255
                },
                "SecondaryColor": {
                    "r": 147,
                    "g": 140,
                    "b": 91,
                    "a": 255
                },
                "LeafColor": {
                    "r": 130,
                    "g": 128,
                    "b": 86,
                    "a": 255
                },
                "StemColor": {
                    "r": 91,
                    "g": 92,
                    "b": 65,
                    "a": 255
                }
            }
        },
        {
            "DataType": "WeedProductData",
            "DataVersion": 0,
            "GameVersion": "0.4.0f5",
            "Name": "Pink Balls",
            "ID": "pinkballs",
            "DrugType": 0,
            "Properties": [
                "toxic",
                "energizing",
                "sedating",
                "brighteyed"
            ],
            "AppearanceSettings": {
                "MainColor": {
                    "r": 91,
                    "g": 116,
                    "b": 63,
                    "a": 255
                },
                "SecondaryColor": {
                    "r": 121,
                    "g": 153,
                    "b": 79,
                    "a": 255
                },
                "LeafColor": {
                    "r": 106,
                    "g": 134,
                    "b": 71,
                    "a": 255
                },
                "StemColor": {
                    "r": 72,
                    "g": 92,
                    "b": 50,
                    "a": 255
                }
            }
        },
        {
            "DataType": "WeedProductData",
            "DataVersion": 0,
            "GameVersion": "0.4.0f5",
            "Name": "Strawberry Shart",
            "ID": "strawberryshart",
            "DrugType": 0,
            "Properties": [
                "sneaky",
                "athletic",
                "slippery",
                "tropicthunder"
            ],
            "AppearanceSettings": {
                "MainColor": {
                    "r": 99,
                    "g": 106,
                    "b": 85,
                    "a": 255
                },
                "SecondaryColor": {
                    "r": 133,
                    "g": 151,
                    "b": 145,
                    "a": 255
                },
                "LeafColor": {
                    "r": 116,
                    "g": 128,
                    "b": 115,
                    "a": 255
                },
                "StemColor": {
                    "r": 79,
                    "g": 84,
                    "b": 68,
                    "a": 255
                }
            }
        },
        {
            "DataType": "WeedProductData",
            "DataVersion": 0,
            "GameVersion": "0.4.0f5",
            "Name": "California Punch",
            "ID": "californiapunch",
            "DrugType": 0,
            "Properties": [
                "paranoia",
                "munchies",
                "energizing",
                "athletic",
                "tropicthunder"
            ],
            "AppearanceSettings": {
                "MainColor": {
                    "r": 106,
                    "g": 99,
                    "b": 78,
                    "a": 255
                },
                "SecondaryColor": {
                    "r": 135,
                    "g": 116,
                    "b": 85,
                    "a": 255
                },
                "LeafColor": {
                    "r": 120,
                    "g": 107,
                    "b": 81,
                    "a": 255
                },
                "StemColor": {
                    "r": 84,
                    "g": 79,
                    "b": 62,
                    "a": 255
                }
            }
        },
        {
            "DataType": "WeedProductData",
            "DataVersion": 0,
            "GameVersion": "0.4.0f5",
            "Name": "Strawberry Dick",
            "ID": "strawberrydick",
            "DrugType": 0,
            "Properties": [
                "paranoia",
                "munchies",
                "energizing",
                "tropicthunder"
            ],
            "AppearanceSettings": {
                "MainColor": {
                    "r": 106,
                    "g": 99,
                    "b": 78,
                    "a": 255
                },
                "SecondaryColor": {
                    "r": 135,
                    "g": 116,
                    "b": 85,
                    "a": 255
                },
                "LeafColor": {
                    "r": 120,
                    "g": 107,
                    "b": 81,
                    "a": 255
                },
                "StemColor": {
                    "r": 84,
                    "g": 79,
                    "b": 62,
                    "a": 255
                }
            }
        },
        {
            "DataType": "WeedProductData",
            "DataVersion": 0,
            "GameVersion": "0.4.0f5",
            "Name": "Strawberry Durkle",
            "ID": "strawberrydurkle",
            "DrugType": 0,
            "Properties": [
                "sedating",
                "tropicthunder"
            ],
            "AppearanceSettings": {
                "MainColor": {
                    "r": 83,
                    "g": 88,
                    "b": 95,
                    "a": 255
                },
                "SecondaryColor": {
                    "r": 153,
                    "g": 111,
                    "b": 105,
                    "a": 255
                },
                "LeafColor": {
                    "r": 118,
                    "g": 99,
                    "b": 100,
                    "a": 255
                },
                "StemColor": {
                    "r": 66,
                    "g": 70,
                    "b": 76,
                    "a": 255
                }
            }
        },
        {
            "DataType": "WeedProductData",
            "DataVersion": 0,
            "GameVersion": "0.4.0f5",
            "Name": "Fat Cheese",
            "ID": "fatcheese",
            "DrugType": 0,
            "Properties": [
                "sneaky",
                "sedating",
                "tropicthunder"
            ],
            "AppearanceSettings": {
                "MainColor": {
                    "r": 83,
                    "g": 88,
                    "b": 95,
                    "a": 255
                },
                "SecondaryColor": {
                    "r": 110,
                    "g": 108,
                    "b": 103,
                    "a": 255
                },
                "LeafColor": {
                    "r": 96,
                    "g": 98,
                    "b": 99,
                    "a": 255
                },
                "StemColor": {
                    "r": 66,
                    "g": 70,
                    "b": 76,
                    "a": 255
                }
            }
        },
        {
            "DataType": "WeedProductData",
            "DataVersion": 0,
            "GameVersion": "0.4.0f5",
            "Name": "Banana Grool",
            "ID": "bananagrool",
            "DrugType": 0,
            "Properties": [
                "toxic",
                "sedating"
            ],
            "AppearanceSettings": {
                "MainColor": {
                    "r": 83,
                    "g": 88,
                    "b": 95,
                    "a": 255
                },
                "SecondaryColor": {
                    "r": 104,
                    "g": 114,
                    "b": 88,
                    "a": 255
                },
                "LeafColor": {
                    "r": 93,
                    "g": 101,
                    "b": 91,
                    "a": 255
                },
                "StemColor": {
                    "r": 66,
                    "g": 70,
                    "b": 76,
                    "a": 255
                }
            }
        },
        {
            "DataType": "WeedProductData",
            "DataVersion": 0,
            "GameVersion": "0.4.0f5",
            "Name": "Slimy Balls",
            "ID": "slimyballs",
            "DrugType": 0,
            "Properties": [
                "munchies",
                "toxic",
                "athletic"
            ],
            "AppearanceSettings": {
                "MainColor": {
                    "r": 106,
                    "g": 101,
                    "b": 72,
                    "a": 255
                },
                "SecondaryColor": {
                    "r": 131,
                    "g": 124,
                    "b": 75,
                    "a": 255
                },
                "LeafColor": {
                    "r": 118,
                    "g": 112,
                    "b": 73,
                    "a": 255
                },
                "StemColor": {
                    "r": 84,
                    "g": 80,
                    "b": 57,
                    "a": 255
                }
            }
        },
        {
            "DataType": "WeedProductData",
            "DataVersion": 0,
            "GameVersion": "0.4.0f5",
            "Name": "Ice Cream Piss",
            "ID": "icecreampiss",
            "DrugType": 0,
            "Properties": [
                "munchies",
                "refreshing",
                "athletic"
            ],
            "AppearanceSettings": {
                "MainColor": {
                    "r": 103,
                    "g": 123,
                    "b": 82,
                    "a": 255
                },
                "SecondaryColor": {
                    "r": 134,
                    "g": 132,
                    "b": 88,
                    "a": 255
                },
                "LeafColor": {
                    "r": 118,
                    "g": 127,
                    "b": 85,
                    "a": 255
                },
                "StemColor": {
                    "r": 82,
                    "g": 98,
                    "b": 65,
                    "a": 255
                }
            }
        },
        {
            "DataType": "WeedProductData",
            "DataVersion": 0,
            "GameVersion": "0.4.0f5",
            "Name": "Dream Crystal",
            "ID": "dreamcrystal",
            "DrugType": 0,
            "Properties": [
                "munchies",
                "refreshing",
                "energizing",
                "athletic"
            ],
            "AppearanceSettings": {
                "MainColor": {
                    "r": 106,
                    "g": 101,
                    "b": 72,
                    "a": 255
                },
                "SecondaryColor": {
                    "r": 134,
                    "g": 132,
                    "b": 88,
                    "a": 255
                },
                "LeafColor": {
                    "r": 120,
                    "g": 116,
                    "b": 80,
                    "a": 255
                },
                "StemColor": {
                    "r": 84,
                    "g": 80,
                    "b": 57,
                    "a": 255
                }
            }
        },
        {
            "DataType": "WeedProductData",
            "DataVersion": 0,
            "GameVersion": "0.4.0f5",
            "Name": "LA Rhino",
            "ID": "larhino",
            "DrugType": 0,
            "Properties": [
                "refreshing",
                "Euphoric",
                "toxic",
                "sedating",
                "athletic"
            ],
            "AppearanceSettings": {
                "MainColor": {
                    "r": 103,
                    "g": 123,
                    "b": 82,
                    "a": 255
                },
                "SecondaryColor": {
                    "r": 139,
                    "g": 145,
                    "b": 91,
                    "a": 255
                },
                "LeafColor": {
                    "r": 121,
                    "g": 134,
                    "b": 86,
                    "a": 255
                },
                "StemColor": {
                    "r": 82,
                    "g": 98,
                    "b": 65,
                    "a": 255
                }
            }
        },
        {
            "DataType": "WeedProductData",
            "DataVersion": 0,
            "GameVersion": "0.4.0f5",
            "Name": "Miracle Haze",
            "ID": "miraclehaze",
            "DrugType": 0,
            "Properties": [
                "refreshing",
                "toxic",
                "sedating",
                "athletic",
                "spicy"
            ],
            "AppearanceSettings": {
                "MainColor": {
                    "r": 103,
                    "g": 123,
                    "b": 82,
                    "a": 255
                },
                "SecondaryColor": {
                    "r": 126,
                    "g": 153,
                    "b": 88,
                    "a": 255
                },
                "LeafColor": {
                    "r": 114,
                    "g": 138,
                    "b": 85,
                    "a": 255
                },
                "StemColor": {
                    "r": 82,
                    "g": 98,
                    "b": 65,
                    "a": 255
                }
            }
        },
        {
            "DataType": "WeedProductData",
            "DataVersion": 0,
            "GameVersion": "0.4.0f5",
            "Name": "OG McLovin",
            "ID": "ogmclovin",
            "DrugType": 0,
            "Properties": [
                "refreshing",
                "toxic",
                "sedating",
                "balding",
                "athletic",
                "spicy"
            ],
            "AppearanceSettings": {
                "MainColor": {
                    "r": 103,
                    "g": 123,
                    "b": 82,
                    "a": 255
                },
                "SecondaryColor": {
                    "r": 126,
                    "g": 153,
                    "b": 88,
                    "a": 255
                },
                "LeafColor": {
                    "r": 114,
                    "g": 138,
                    "b": 85,
                    "a": 255
                },
                "StemColor": {
                    "r": 82,
                    "g": 98,
                    "b": 65,
                    "a": 255
                }
            }
        },
        {
            "DataType": "WeedProductData",
            "DataVersion": 0,
            "GameVersion": "0.4.0f5",
            "Name": "Fruity Queef",
            "ID": "fruityqueef",
            "DrugType": 0,
            "Properties": [
                "munchies",
                "Euphoric",
                "energizing",
                "athletic"
            ],
            "AppearanceSettings": {
                "MainColor": {
                    "r": 106,
                    "g": 101,
                    "b": 72,
                    "a": 255
                },
                "SecondaryColor": {
                    "r": 141,
                    "g": 130,
                    "b": 84,
                    "a": 255
                },
                "LeafColor": {
                    "r": 123,
                    "g": 115,
                    "b": 78,
                    "a": 255
                },
                "StemColor": {
                    "r": 84,
                    "g": 80,
                    "b": 57,
                    "a": 255
                }
            }
        },
        {
            "DataType": "WeedProductData",
            "DataVersion": 0,
            "GameVersion": "0.4.0f5",
            "Name": "Tokyo Assblaster",
            "ID": "tokyoassblaster",
            "DrugType": 0,
            "Properties": [
                "Euphoric",
                "gingeritis",
                "sneaky",
                "thoughtprovoking"
            ],
            "AppearanceSettings": {
                "MainColor": {
                    "r": 114,
                    "g": 120,
                    "b": 77,
                    "a": 255
                },
                "SecondaryColor": {
                    "r": 147,
                    "g": 143,
                    "b": 96,
                    "a": 255
                },
                "LeafColor": {
                    "r": 130,
                    "g": 131,
                    "b": 86,
                    "a": 255
                },
                "StemColor": {
                    "r": 91,
                    "g": 96,
                    "b": 61,
                    "a": 255
                }
            }
        },
        {
            "DataType": "WeedProductData",
            "DataVersion": 0,
            "GameVersion": "0.4.0f5",
            "Name": "Thick Diesel",
            "ID": "thickdiesel",
            "DrugType": 0,
            "Properties": [
                "smelly",
                "toxic",
                "spicy",
                "thoughtprovoking",
                "tropicthunder"
            ],
            "AppearanceSettings": {
                "MainColor": {
                    "r": 95,
                    "g": 113,
                    "b": 66,
                    "a": 255
                },
                "SecondaryColor": {
                    "r": 115,
                    "g": 140,
                    "b": 67,
                    "a": 255
                },
                "LeafColor": {
                    "r": 105,
                    "g": 126,
                    "b": 66,
                    "a": 255
                },
                "StemColor": {
                    "r": 76,
                    "g": 90,
                    "b": 52,
                    "a": 255
                }
            }
        },
        {
            "DataType": "WeedProductData",
            "DataVersion": 0,
            "GameVersion": "0.4.0f5",
            "Name": "California Diesel",
            "ID": "californiadiesel",
            "DrugType": 0,
            "Properties": [
                "calming",
                "toxic",
                "athletic"
            ],
            "AppearanceSettings": {
                "MainColor": {
                    "r": 114,
                    "g": 116,
                    "b": 82,
                    "a": 255
                },
                "SecondaryColor": {
                    "r": 142,
                    "g": 144,
                    "b": 88,
                    "a": 255
                },
                "LeafColor": {
                    "r": 128,
                    "g": 130,
                    "b": 85,
                    "a": 255
                },
                "StemColor": {
                    "r": 91,
                    "g": 92,
                    "b": 65,
                    "a": 255
                }
            }
        },
        {
            "DataType": "WeedProductData",
            "DataVersion": 0,
            "GameVersion": "0.4.0f5",
            "Name": "Shiny Stink",
            "ID": "shinystink",
            "DrugType": 0,
            "Properties": [
                "calming",
                "toxic",
                "sneaky",
                "tropicthunder"
            ],
            "AppearanceSettings": {
                "MainColor": {
                    "r": 114,
                    "g": 116,
                    "b": 82,
                    "a": 255
                },
                "SecondaryColor": {
                    "r": 142,
                    "g": 144,
                    "b": 88,
                    "a": 255
                },
                "LeafColor": {
                    "r": 128,
                    "g": 130,
                    "b": 85,
                    "a": 255
                },
                "StemColor": {
                    "r": 91,
                    "g": 92,
                    "b": 65,
                    "a": 255
                }
            }
        },
        {
            "DataType": "WeedProductData",
            "DataVersion": 0,
            "GameVersion": "0.4.0f5",
            "Name": "Aspen Shart",
            "ID": "aspenshart",
            "DrugType": 0,
            "Properties": [
                "refreshing",
                "energizing",
                "thoughtprovoking"
            ],
            "AppearanceSettings": {
                "MainColor": {
                    "r": 103,
                    "g": 123,
                    "b": 82,
                    "a": 255
                },
                "SecondaryColor": {
                    "r": 138,
                    "g": 174,
                    "b": 100,
                    "a": 255
                },
                "LeafColor": {
                    "r": 120,
                    "g": 148,
                    "b": 91,
                    "a": 255
                },
                "StemColor": {
                    "r": 82,
                    "g": 98,
                    "b": 65,
                    "a": 255
                }
            }
        },
        {
            "DataType": "WeedProductData",
            "DataVersion": 0,
            "GameVersion": "0.4.0f5",
            "Name": "Dark Mint",
            "ID": "darkmint",
            "DrugType": 0,
            "Properties": [
                "paranoia",
                "refreshing",
                "sneaky",
                "thoughtprovoking"
            ],
            "AppearanceSettings": {
                "MainColor": {
                    "r": 103,
                    "g": 123,
                    "b": 82,
                    "a": 255
                },
                "SecondaryColor": {
                    "r": 133,
                    "g": 131,
                    "b": 92,
                    "a": 255
                },
                "LeafColor": {
                    "r": 118,
                    "g": 127,
                    "b": 87,
                    "a": 255
                },
                "StemColor": {
                    "r": 82,
                    "g": 98,
                    "b": 65,
                    "a": 255
                }
            }
        },
        {
            "DataType": "WeedProductData",
            "DataVersion": 0,
            "GameVersion": "0.4.0f5",
            "Name": "Ultra Shart",
            "ID": "ultrashart",
            "DrugType": 0,
            "Properties": [
                "paranoia",
                "refreshing",
                "gingeritis",
                "sneaky",
                "sedating"
            ],
            "AppearanceSettings": {
                "MainColor": {
                    "r": 106,
                    "g": 99,
                    "b": 78,
                    "a": 255
                },
                "SecondaryColor": {
                    "r": 133,
                    "g": 131,
                    "b": 92,
                    "a": 255
                },
                "LeafColor": {
                    "r": 119,
                    "g": 115,
                    "b": 85,
                    "a": 255
                },
                "StemColor": {
                    "r": 84,
                    "g": 79,
                    "b": 62,
                    "a": 255
                }
            }
        },
        {
            "DataType": "WeedProductData",
            "DataVersion": 0,
            "GameVersion": "0.4.0f5",
            "Name": "Ultra Punch",
            "ID": "ultrapunch",
            "DrugType": 0,
            "Properties": [
                "smelly",
                "calming",
                "refreshing",
                "toxic",
                "sedating",
                "tropicthunder"
            ],
            "AppearanceSettings": {
                "MainColor": {
                    "r": 114,
                    "g": 116,
                    "b": 82,
                    "a": 255
                },
                "SecondaryColor": {
                    "r": 139,
                    "g": 142,
                    "b": 94,
                    "a": 255
                },
                "LeafColor": {
                    "r": 126,
                    "g": 129,
                    "b": 88,
                    "a": 255
                },
                "StemColor": {
                    "r": 91,
                    "g": 92,
                    "b": 65,
                    "a": 255
                }
            }
        },
        {
            "DataType": "WeedProductData",
            "DataVersion": 0,
            "GameVersion": "0.4.0f5",
            "Name": "Ultra Cock",
            "ID": "ultracock",
            "DrugType": 0,
            "Properties": [
                "smelly",
                "refreshing",
                "gingeritis",
                "sneaky",
                "sedating",
                "tropicthunder",
                "antigravity"
            ],
            "AppearanceSettings": {
                "MainColor": {
                    "r": 103,
                    "g": 123,
                    "b": 82,
                    "a": 255
                },
                "SecondaryColor": {
                    "r": 126,
                    "g": 140,
                    "b": 84,
                    "a": 255
                },
                "LeafColor": {
                    "r": 114,
                    "g": 131,
                    "b": 83,
                    "a": 255
                },
                "StemColor": {
                    "r": 82,
                    "g": 98,
                    "b": 65,
                    "a": 255
                }
            }
        },
        {
            "DataType": "WeedProductData",
            "DataVersion": 0,
            "GameVersion": "0.4.0f5",
            "Name": "Nightmare Cake",
            "ID": "nightmarecake",
            "DrugType": 0,
            "Properties": [
                "paranoia",
                "smelly",
                "refreshing",
                "energizing",
                "sedating",
                "thoughtprovoking",
                "tropicthunder",
                "antigravity"
            ],
            "AppearanceSettings": {
                "MainColor": {
                    "r": 95,
                    "g": 113,
                    "b": 66,
                    "a": 255
                },
                "SecondaryColor": {
                    "r": 126,
                    "g": 140,
                    "b": 84,
                    "a": 255
                },
                "LeafColor": {
                    "r": 110,
                    "g": 126,
                    "b": 75,
                    "a": 255
                },
                "StemColor": {
                    "r": 76,
                    "g": 90,
                    "b": 52,
                    "a": 255
                }
            }
        },
        {
            "DataType": "WeedProductData",
            "DataVersion": 0,
            "GameVersion": "0.4.0f5",
            "Name": "Granddaddy Stink",
            "ID": "granddaddystink",
            "DrugType": 0,
            "Properties": [
                "paranoia",
                "smelly",
                "refreshing",
                "gingeritis",
                "energizing",
                "sedating",
                "tropicthunder",
                "antigravity"
            ],
            "AppearanceSettings": {
                "MainColor": {
                    "r": 106,
                    "g": 99,
                    "b": 78,
                    "a": 255
                },
                "SecondaryColor": {
                    "r": 128,
                    "g": 124,
                    "b": 81,
                    "a": 255
                },
                "LeafColor": {
                    "r": 117,
                    "g": 111,
                    "b": 79,
                    "a": 255
                },
                "StemColor": {
                    "r": 84,
                    "g": 79,
                    "b": 62,
                    "a": 255
                }
            }
        },
        {
            "DataType": "WeedProductData",
            "DataVersion": 0,
            "GameVersion": "0.4.0f5",
            "Name": "Ultra Cake",
            "ID": "ultracake",
            "DrugType": 0,
            "Properties": [
                "sneaky",
                "slippery"
            ],
            "AppearanceSettings": {
                "MainColor": {
                    "r": 99,
                    "g": 106,
                    "b": 85,
                    "a": 255
                },
                "SecondaryColor": {
                    "r": 133,
                    "g": 151,
                    "b": 145,
                    "a": 255
                },
                "LeafColor": {
                    "r": 116,
                    "g": 128,
                    "b": 115,
                    "a": 255
                },
                "StemColor": {
                    "r": 79,
                    "g": 84,
                    "b": 68,
                    "a": 255
                }
            }
        },
        {
            "DataType": "WeedProductData",
            "DataVersion": 0,
            "GameVersion": "0.4.0f5",
            "Name": "Sweet Assblaster",
            "ID": "sweetassblaster",
            "DrugType": 0,
            "Properties": [
                "sneaky",
                "sedating"
            ],
            "AppearanceSettings": {
                "MainColor": {
                    "r": 83,
                    "g": 88,
                    "b": 95,
                    "a": 255
                },
                "SecondaryColor": {
                    "r": 110,
                    "g": 108,
                    "b": 103,
                    "a": 255
                },
                "LeafColor": {
                    "r": 96,
                    "g": 98,
                    "b": 99,
                    "a": 255
                },
                "StemColor": {
                    "r": 66,
                    "g": 70,
                    "b": 76,
                    "a": 255
                }
            }
        },
        {
            "DataType": "WeedProductData",
            "DataVersion": 0,
            "GameVersion": "0.4.0f5",
            "Name": "Banana Cum",
            "ID": "bananacum",
            "DrugType": 0,
            "Properties": [
                "paranoia",
                "energizing",
                "sedating"
            ],
            "AppearanceSettings": {
                "MainColor": {
                    "r": 106,
                    "g": 99,
                    "b": 78,
                    "a": 255
                },
                "SecondaryColor": {
                    "r": 125,
                    "g": 103,
                    "b": 104,
                    "a": 255
                },
                "LeafColor": {
                    "r": 115,
                    "g": 101,
                    "b": 91,
                    "a": 255
                },
                "StemColor": {
                    "r": 84,
                    "g": 79,
                    "b": 62,
                    "a": 255
                }
            }
        },
        {
            "DataType": "WeedProductData",
            "DataVersion": 0,
            "GameVersion": "0.4.0f5",
            "Name": "Sweet Smegma",
            "ID": "sweetsmegma",
            "DrugType": 0,
            "Properties": [
                "calming",
                "Euphoric",
                "toxic",
                "sedating"
            ],
            "AppearanceSettings": {
                "MainColor": {
                    "r": 114,
                    "g": 116,
                    "b": 82,
                    "a": 255
                },
                "SecondaryColor": {
                    "r": 147,
                    "g": 140,
                    "b": 91,
                    "a": 255
                },
                "LeafColor": {
                    "r": 130,
                    "g": 128,
                    "b": 86,
                    "a": 255
                },
                "StemColor": {
                    "r": 91,
                    "g": 92,
                    "b": 65,
                    "a": 255
                }
            }
        },
        {
            "DataType": "WeedProductData",
            "DataVersion": 0,
            "GameVersion": "0.4.0f5",
            "Name": "Fat Death",
            "ID": "fatdeath",
            "DrugType": 0,
            "Properties": [
                "calming",
                "munchies",
                "toxic",
                "energizing",
                "athletic"
            ],
            "AppearanceSettings": {
                "MainColor": {
                    "r": 114,
                    "g": 116,
                    "b": 82,
                    "a": 255
                },
                "SecondaryColor": {
                    "r": 141,
                    "g": 127,
                    "b": 88,
                    "a": 255
                },
                "LeafColor": {
                    "r": 127,
                    "g": 121,
                    "b": 85,
                    "a": 255
                },
                "StemColor": {
                    "r": 91,
                    "g": 92,
                    "b": 65,
                    "a": 255
                }
            }
        },
        {
            "DataType": "WeedProductData",
            "DataVersion": 0,
            "GameVersion": "0.4.0f5",
            "Name": "Death Shart",
            "ID": "deathshart",
            "DrugType": 0,
            "Properties": [
                "calming",
                "munchies",
                "toxic",
                "energizing",
                "sneaky",
                "tropicthunder"
            ],
            "AppearanceSettings": {
                "MainColor": {
                    "r": 114,
                    "g": 116,
                    "b": 82,
                    "a": 255
                },
                "SecondaryColor": {
                    "r": 141,
                    "g": 127,
                    "b": 88,
                    "a": 255
                },
                "LeafColor": {
                    "r": 127,
                    "g": 121,
                    "b": 85,
                    "a": 255
                },
                "StemColor": {
                    "r": 91,
                    "g": 92,
                    "b": 65,
                    "a": 255
                }
            }
        },
        {
            "DataType": "WeedProductData",
            "DataVersion": 0,
            "GameVersion": "0.4.0f5",
            "Name": "Wedding Splooge",
            "ID": "weddingsplooge",
            "DrugType": 0,
            "Properties": [
                "munchies",
                "athletic"
            ],
            "AppearanceSettings": {
                "MainColor": {
                    "r": 106,
                    "g": 101,
                    "b": 72,
                    "a": 255
                },
                "SecondaryColor": {
                    "r": 143,
                    "g": 141,
                    "b": 134,
                    "a": 255
                },
                "LeafColor": {
                    "r": 124,
                    "g": 121,
                    "b": 103,
                    "a": 255
                },
                "StemColor": {
                    "r": 84,
                    "g": 80,
                    "b": 57,
                    "a": 255
                }
            }
        },
        {
            "DataType": "WeedProductData",
            "DataVersion": 0,
            "GameVersion": "0.4.0f5",
            "Name": "Banana Punch",
            "ID": "bananapunch",
            "DrugType": 0,
            "Properties": [
                "gingeritis",
                "sedating"
            ],
            "AppearanceSettings": {
                "MainColor": {
                    "r": 83,
                    "g": 88,
                    "b": 95,
                    "a": 255
                },
                "SecondaryColor": {
                    "r": 136,
                    "g": 111,
                    "b": 87,
                    "a": 255
                },
                "LeafColor": {
                    "r": 109,
                    "g": 99,
                    "b": 91,
                    "a": 255
                },
                "StemColor": {
                    "r": 66,
                    "g": 70,
                    "b": 76,
                    "a": 255
                }
            }
        },
        {
            "DataType": "WeedProductData",
            "DataVersion": 0,
            "GameVersion": "0.4.0f5",
            "Name": "California Urkle",
            "ID": "californiaurkle",
            "DrugType": 0,
            "Properties": [
                "energizing",
                "sedating",
                "thoughtprovoking"
            ],
            "AppearanceSettings": {
                "MainColor": {
                    "r": 83,
                    "g": 88,
                    "b": 95,
                    "a": 255
                },
                "SecondaryColor": {
                    "r": 116,
                    "g": 134,
                    "b": 100,
                    "a": 255
                },
                "LeafColor": {
                    "r": 99,
                    "g": 111,
                    "b": 97,
                    "a": 255
                },
                "StemColor": {
                    "r": 66,
                    "g": 70,
                    "b": 76,
                    "a": 255
                }
            }
        },
        {
            "DataType": "WeedProductData",
            "DataVersion": 0,
            "GameVersion": "0.4.0f5",
            "Name": "Banan+Gass",
            "ID": "banan+gass",
            "DrugType": 0,
            "Properties": [
                "smelly",
                "refreshing",
                "toxic"
            ],
            "AppearanceSettings": {
                "MainColor": {
                    "r": 103,
                    "g": 123,
                    "b": 82,
                    "a": 255
                },
                "SecondaryColor": {
                    "r": 126,
                    "g": 140,
                    "b": 84,
                    "a": 255
                },
                "LeafColor": {
                    "r": 114,
                    "g": 131,
                    "b": 83,
                    "a": 255
                },
                "StemColor": {
                    "r": 82,
                    "g": 98,
                    "b": 65,
                    "a": 255
                }
            }
        },
        {
            "DataType": "WeedProductData",
            "DataVersion": 0,
            "GameVersion": "0.4.0f5",
            "Name": "Island Crack",
            "ID": "islandcrack",
            "DrugType": 0,
            "Properties": [
                "balding",
                "jennerising",
                "tropicthunder"
            ],
            "AppearanceSettings": {
                "MainColor": {
                    "r": 139,
                    "g": 120,
                    "b": 61,
                    "a": 255
                },
                "SecondaryColor": {
                    "r": 205,
                    "g": 145,
                    "b": 64,
                    "a": 255
                },
                "LeafColor": {
                    "r": 172,
                    "g": 132,
                    "b": 62,
                    "a": 255
                },
                "StemColor": {
                    "r": 111,
                    "g": 96,
                    "b": 48,
                    "a": 255
                }
            }
        },
        {
            "DataType": "WeedProductData",
            "DataVersion": 0,
            "GameVersion": "0.4.0f5",
            "Name": "OG Monkey",
            "ID": "ogmonkey",
            "DrugType": 0,
            "Properties": [
                "balding",
                "spicy",
                "jennerising",
                "tropicthunder"
            ],
            "AppearanceSettings": {
                "MainColor": {
                    "r": 139,
                    "g": 120,
                    "b": 61,
                    "a": 255
                },
                "SecondaryColor": {
                    "r": 184,
                    "g": 123,
                    "b": 69,
                    "a": 255
                },
                "LeafColor": {
                    "r": 161,
                    "g": 121,
                    "b": 65,
                    "a": 255
                },
                "StemColor": {
                    "r": 111,
                    "g": 96,
                    "b": 48,
                    "a": 255
                }
            }
        },
        {
            "DataType": "WeedProductData",
            "DataVersion": 0,
            "GameVersion": "0.4.0f5",
            "Name": "Gorilla Mint",
            "ID": "gorillamint",
            "DrugType": 0,
            "Properties": [
                "toxic",
                "sneaky",
                "balding",
                "spicy",
                "tropicthunder"
            ],
            "AppearanceSettings": {
                "MainColor": {
                    "r": 99,
                    "g": 106,
                    "b": 85,
                    "a": 255
                },
                "SecondaryColor": {
                    "r": 115,
                    "g": 127,
                    "b": 82,
                    "a": 255
                },
                "LeafColor": {
                    "r": 107,
                    "g": 116,
                    "b": 83,
                    "a": 255
                },
                "StemColor": {
                    "r": 79,
                    "g": 84,
                    "b": 68,
                    "a": 255
                }
            }
        },
        {
            "DataType": "WeedProductData",
            "DataVersion": 0,
            "GameVersion": "0.4.0f5",
            "Name": "Stinky Monkey",
            "ID": "stinkymonkey",
            "DrugType": 0,
            "Properties": [
                "paranoia",
                "Euphoric",
                "energizing",
                "balding",
                "spicy",
                "tropicthunder"
            ],
            "AppearanceSettings": {
                "MainColor": {
                    "r": 114,
                    "g": 120,
                    "b": 77,
                    "a": 255
                },
                "SecondaryColor": {
                    "r": 141,
                    "g": 129,
                    "b": 88,
                    "a": 255
                },
                "LeafColor": {
                    "r": 127,
                    "g": 124,
                    "b": 82,
                    "a": 255
                },
                "StemColor": {
                    "r": 91,
                    "g": 96,
                    "b": 61,
                    "a": 255
                }
            }
        },
        {
            "DataType": "WeedProductData",
            "DataVersion": 0,
            "GameVersion": "0.4.0f5",
            "Name": "Girl Scout Thunderfuck",
            "ID": "girlscoutthunderfuck",
            "DrugType": 0,
            "Properties": [
                "gingeritis",
                "sneaky",
                "tropicthunder"
            ],
            "AppearanceSettings": {
                "MainColor": {
                    "r": 99,
                    "g": 106,
                    "b": 85,
                    "a": 255
                },
                "SecondaryColor": {
                    "r": 147,
                    "g": 123,
                    "b": 80,
                    "a": 255
                },
                "LeafColor": {
                    "r": 123,
                    "g": 114,
                    "b": 82,
                    "a": 255
                },
                "StemColor": {
                    "r": 79,
                    "g": 84,
                    "b": 68,
                    "a": 255
                }
            }
        },
        {
            "DataType": "WeedProductData",
            "DataVersion": 0,
            "GameVersion": "0.4.0f5",
            "Name": "Dark Balls",
            "ID": "darkballs",
            "DrugType": 0,
            "Properties": [
                "calming",
                "tropicthunder",
                "giraffying"
            ],
            "AppearanceSettings": {
                "MainColor": {
                    "r": 114,
                    "g": 116,
                    "b": 82,
                    "a": 255
                },
                "SecondaryColor": {
                    "r": 228,
                    "g": 171,
                    "b": 106,
                    "a": 255
                },
                "LeafColor": {
                    "r": 171,
                    "g": 143,
                    "b": 94,
                    "a": 255
                },
                "StemColor": {
                    "r": 91,
                    "g": 92,
                    "b": 65,
                    "a": 255
                }
            }
        }
    ],
    "CreatedMeth": [],
    "CreatedCocaine": [],
    "ContractReceipts": [
        {
            "ReceiptId": 1096536629,
            "CompletedBy": 0,
            "CustomerId": "ludwig_meyer",
            "CompletionTime": {
                "elapsedDays": 29,
                "time": 400
            },
            "Items": [
                {
                    "String": "weddingass",
                    "Int": 1
                }
            ],
            "AmountPaid": 360.0
        },
        {
            "ReceiptId": 314008954,
            "CompletedBy": 0,
            "CustomerId": "kathy_henderson",
            "CompletionTime": {
                "elapsedDays": 29,
                "time": 400
            },
            "Items": [
                {
                    "String": "sweetghost",
                    "Int": 1
                }
            ],
            "AmountPaid": 456.0
        },
        {
            "ReceiptId": -1240506247,
            "CompletedBy": 0,
            "CustomerId": "jerry_montero",
            "CompletionTime": {
                "elapsedDays": 29,
                "time": 400
            },
            "Items": [
                {
                    "String": "sweetghost",
                    "Int": 1
                }
            ],
            "AmountPaid": 480.0
        },
        {
            "ReceiptId": 1057179100,
            "CompletedBy": 0,
            "CustomerId": "kyle_cooley",
            "CompletionTime": {
                "elapsedDays": 30,
                "time": 31
            },
            "Items": [
                {
                    "String": "sweetghost",
                    "Int": 1
                }
            ],
            "AmountPaid": 504.0
        },
        {
            "ReceiptId": 1194258234,
            "CompletedBy": 0,
            "CustomerId": "austin_steiner",
            "CompletionTime": {
                "elapsedDays": 30,
                "time": 33
            },
            "Items": [
                {
                    "String": "weddingass",
                    "Int": 1
                }
            ],
            "AmountPaid": 420.0
        },
        {
            "ReceiptId": 1010688021,
            "CompletedBy": 0,
            "CustomerId": "geraldine_poon",
            "CompletionTime": {
                "elapsedDays": 30,
                "time": 53
            },
            "Items": [
                {
                    "String": "weddingass",
                    "Int": 1
                }
            ],
            "AmountPaid": 600.0
        },
        {
            "ReceiptId": -1753464003,
            "CompletedBy": 0,
            "CustomerId": "doris_lubbin",
            "CompletionTime": {
                "elapsedDays": 30,
                "time": 117
            },
            "Items": [
                {
                    "String": "sweetghost",
                    "Int": 1
                }
            ],
            "AmountPaid": 480.0
        },
        {
            "ReceiptId": -1055865287,
            "CompletedBy": 0,
            "CustomerId": "chloe_bowers",
            "CompletionTime": {
                "elapsedDays": 30,
                "time": 127
            },
            "Items": [
                {
                    "String": "weddingass",
                    "Int": 1
                }
            ],
            "AmountPaid": 156.0
        },
        {
            "ReceiptId": 1722656690,
            "CompletedBy": 0,
            "CustomerId": "ludwig_meyer",
            "CompletionTime": {
                "elapsedDays": 30,
                "time": 132
            },
            "Items": [
                {
                    "String": "weddingass",
                    "Int": 1
                }
            ],
            "AmountPaid": 360.0
        },
        {
            "ReceiptId": -1731444425,
            "CompletedBy": 0,
            "CustomerId": "peter_file",
            "CompletionTime": {
                "elapsedDays": 30,
                "time": 230
            },
            "Items": [
                {
                    "String": "sweetghost",
                    "Int": 1
                }
            ],
            "AmountPaid": 480.0
        },
        {
            "ReceiptId": -795603949,
            "CompletedBy": 0,
            "CustomerId": "kathy_henderson",
            "CompletionTime": {
                "elapsedDays": 30,
                "time": 231
            },
            "Items": [
                {
                    "String": "weddingass",
                    "Int": 1
                }
            ],
            "AmountPaid": 468.0
        },
        {
            "ReceiptId": -1258865744,
            "CompletedBy": 0,
            "CustomerId": "joyce_ball",
            "CompletionTime": {
                "elapsedDays": 30,
                "time": 323
            },
            "Items": [
                {
                    "String": "weddingass",
                    "Int": 4
                }
            ],
            "AmountPaid": 360.0
        },
        {
            "ReceiptId": -1229894673,
            "CompletedBy": 0,
            "CustomerId": "jerry_montero",
            "CompletionTime": {
                "elapsedDays": 30,
                "time": 348
            },
            "Items": [
                {
                    "String": "weddingass",
                    "Int": 1
                }
            ],
            "AmountPaid": 468.0
        },
        {
            "ReceiptId": -1663675236,
            "CompletedBy": 0,
            "CustomerId": "kathy_henderson",
            "CompletionTime": {
                "elapsedDays": 31,
                "time": 400
            },
            "Items": [
                {
                    "String": "weddingass",
                    "Int": 1
                }
            ],
            "AmountPaid": 600.0
        },
        {
            "ReceiptId": 981740050,
            "CompletedBy": 0,
            "CustomerId": "geraldine_poon",
            "CompletionTime": {
                "elapsedDays": 31,
                "time": 400
            },
            "Items": [
                {
                    "String": "weddingass",
                    "Int": 1
                }
            ],
            "AmountPaid": 624.0
        },
        {
            "ReceiptId": 1344576567,
            "CompletedBy": 0,
            "CustomerId": "jerry_montero",
            "CompletionTime": {
                "elapsedDays": 31,
                "time": 400
            },
            "Items": [
                {
                    "String": "weddingass",
                    "Int": 1
                }
            ],
            "AmountPaid": 504.0
        },
        {
            "ReceiptId": 1124424509,
            "CompletedBy": 0,
            "CustomerId": "jessi_waters",
            "CompletionTime": {
                "elapsedDays": 31,
                "time": 400
            },
            "Items": [
                {
                    "String": "weddingass",
                    "Int": 1
                }
            ],
            "AmountPaid": 720.0
        },
        {
            "ReceiptId": 469687665,
            "CompletedBy": 0,
            "CustomerId": "peggy_myers",
            "CompletionTime": {
                "elapsedDays": 31,
                "time": 400
            },
            "Items": [
                {
                    "String": "weddingass",
                    "Int": 1
                }
            ],
            "AmountPaid": 600.0
        },
        {
            "ReceiptId": -518329758,
            "CompletedBy": 0,
            "CustomerId": "kyle_cooley",
            "CompletionTime": {
                "elapsedDays": 32,
                "time": 18
            },
            "Items": [
                {
                    "String": "weddingass",
                    "Int": 1
                }
            ],
            "AmountPaid": 600.0
        },
        {
            "ReceiptId": -712950890,
            "CompletedBy": 0,
            "CustomerId": "kathy_henderson",
            "CompletionTime": {
                "elapsedDays": 32,
                "time": 27
            },
            "Items": [
                {
                    "String": "weddingass",
                    "Int": 1
                }
            ],
            "AmountPaid": 624.0
        },
        {
            "ReceiptId": -1922747983,
            "CompletedBy": 0,
            "CustomerId": "jessi_waters",
            "CompletionTime": {
                "elapsedDays": 32,
                "time": 45
            },
            "Items": [
                {
                    "String": "weddingass",
                    "Int": 1
                }
            ],
            "AmountPaid": 780.0
        },
        {
            "ReceiptId": -1495961251,
            "CompletedBy": 0,
            "CustomerId": "ming",
            "CompletionTime": {
                "elapsedDays": 32,
                "time": 56
            },
            "Items": [
                {
                    "String": "weddingass",
                    "Int": 1
                }
            ],
            "AmountPaid": 420.0
        },
        {
            "ReceiptId": 81251629,
            "CompletedBy": 0,
            "CustomerId": "peter_file",
            "CompletionTime": {
                "elapsedDays": 32,
                "time": 105
            },
            "Items": [
                {
                    "String": "weddingass",
                    "Int": 1
                }
            ],
            "AmountPaid": 636.0
        },
        {
            "ReceiptId": -485636416,
            "CompletedBy": 0,
            "CustomerId": "austin_steiner",
            "CompletionTime": {
                "elapsedDays": 32,
                "time": 115
            },
            "Items": [
                {
                    "String": "weddingass",
                    "Int": 1
                }
            ],
            "AmountPaid": 600.0
        },
        {
            "ReceiptId": 184089162,
            "CompletedBy": 0,
            "CustomerId": "peggy_myers",
            "CompletionTime": {
                "elapsedDays": 32,
                "time": 123
            },
            "Items": [
                {
                    "String": "weddingass",
                    "Int": 1
                }
            ],
            "AmountPaid": 624.0
        },
        {
            "ReceiptId": -481666262,
            "CompletedBy": 0,
            "CustomerId": "doris_lubbin",
            "CompletionTime": {
                "elapsedDays": 32,
                "time": 137
            },
            "Items": [
                {
                    "String": "weddingass",
                    "Int": 1
                }
            ],
            "AmountPaid": 480.0
        },
        {
            "ReceiptId": -1815019557,
            "CompletedBy": 0,
            "CustomerId": "geraldine_poon",
            "CompletionTime": {
                "elapsedDays": 32,
                "time": 159
            },
            "Items": [
                {
                    "String": "weddingass",
                    "Int": 1
                }
            ],
            "AmountPaid": 780.0
        },
        {
            "ReceiptId": -2082857319,
            "CompletedBy": 0,
            "CustomerId": "kathy_henderson",
            "CompletionTime": {
                "elapsedDays": 33,
                "time": 39
            },
            "Items": [
                {
                    "String": "weddingass",
                    "Int": 1
                }
            ],
            "AmountPaid": 600.0
        },
        {
            "ReceiptId": 1857984662,
            "CompletedBy": 0,
            "CustomerId": "peggy_myers",
            "CompletionTime": {
                "elapsedDays": 33,
                "time": 104
            },
            "Items": [
                {
                    "String": "weddingass",
                    "Int": 1
                }
            ],
            "AmountPaid": 660.0
        },
        {
            "ReceiptId": -658005111,
            "CompletedBy": 0,
            "CustomerId": "geraldine_poon",
            "CompletionTime": {
                "elapsedDays": 33,
                "time": 116
            },
            "Items": [
                {
                    "String": "weddingass",
                    "Int": 1
                }
            ],
            "AmountPaid": 720.0
        },
        {
            "ReceiptId": 838016194,
            "CompletedBy": 0,
            "CustomerId": "jerry_montero",
            "CompletionTime": {
                "elapsedDays": 33,
                "time": 148
            },
            "Items": [
                {
                    "String": "weddingass",
                    "Int": 1
                }
            ],
            "AmountPaid": 600.0
        },
        {
            "ReceiptId": 1536798211,
            "CompletedBy": 1,
            "CustomerId": "meg_cooley",
            "CompletionTime": {
                "elapsedDays": 33,
                "time": 1044
            },
            "Items": [
                {
                    "String": "granddaddypurple",
                    "Int": 1
                },
                {
                    "String": "granddaddypurple",
                    "Int": 1
                }
            ],
            "AmountPaid": 170.0
        },
        {
            "ReceiptId": -1674436739,
            "CompletedBy": 1,
            "CustomerId": "ming",
            "CompletionTime": {
                "elapsedDays": 33,
                "time": 1950
            },
            "Items": [
                {
                    "String": "granddaddypurple",
                    "Int": 1
                },
                {
                    "String": "granddaddypurple",
                    "Int": 1
                }
            ],
            "AmountPaid": 170.0
        },
        {
            "ReceiptId": -457184983,
            "CompletedBy": 0,
            "CustomerId": "jerry_montero",
            "CompletionTime": {
                "elapsedDays": 34,
                "time": 137
            },
            "Items": [
                {
                    "String": "weddingass",
                    "Int": 1
                }
            ],
            "AmountPaid": 56.0
        },
        {
            "ReceiptId": 1717271666,
            "CompletedBy": 0,
            "CustomerId": "jessi_waters",
            "CompletionTime": {
                "elapsedDays": 34,
                "time": 155
            },
            "Items": [
                {
                    "String": "sweetghost",
                    "Int": 1
                }
            ],
            "AmountPaid": 864.0
        },
        {
            "ReceiptId": 2103856676,
            "CompletedBy": 0,
            "CustomerId": "kim_delaney",
            "CompletionTime": {
                "elapsedDays": 34,
                "time": 252
            },
            "Items": [
                {
                    "String": "sweetghost",
                    "Int": 1
                }
            ],
            "AmountPaid": 600.0
        },
        {
            "ReceiptId": -747235117,
            "CompletedBy": 0,
            "CustomerId": "austin_steiner",
            "CompletionTime": {
                "elapsedDays": 34,
                "time": 400
            },
            "Items": [
                {
                    "String": "fruityqueef",
                    "Int": 1
                }
            ],
            "AmountPaid": 64.0
        },
        {
            "ReceiptId": -1064426997,
            "CompletedBy": 1,
            "CustomerId": "meg_cooley",
            "CompletionTime": {
                "elapsedDays": 34,
                "time": 1030
            },
            "Items": [
                {
                    "String": "granddaddypurple",
                    "Int": 1
                },
                {
                    "String": "granddaddypurple",
                    "Int": 1
                }
            ],
            "AmountPaid": 170.0
        },
        {
            "ReceiptId": 1216558258,
            "CompletedBy": 1,
            "CustomerId": "peggy_myers",
            "CompletionTime": {
                "elapsedDays": 34,
                "time": 1649
            },
            "Items": [
                {
                    "String": "greencrack",
                    "Int": 1
                },
                {
                    "String": "greencrack",
                    "Int": 1
                },
                {
                    "String": "greencrack",
                    "Int": 1
                },
                {
                    "String": "greencrack",
                    "Int": 1
                }
            ],
            "AmountPaid": 360.0
        },
        {
            "ReceiptId": -110179397,
            "CompletedBy": 1,
            "CustomerId": "ming",
            "CompletionTime": {
                "elapsedDays": 34,
                "time": 2030
            },
            "Items": [
                {
                    "String": "granddaddypurple",
                    "Int": 1
                },
                {
                    "String": "granddaddypurple",
                    "Int": 1
                }
            ],
            "AmountPaid": 170.0
        },
        {
            "ReceiptId": 860288596,
            "CompletedBy": 0,
            "CustomerId": "kim_delaney",
            "CompletionTime": {
                "elapsedDays": 35,
                "time": 102
            },
            "Items": [
                {
                    "String": "weddingass",
                    "Int": 1
                }
            ],
            "AmountPaid": 480.0
        },
        {
            "ReceiptId": 696488127,
            "CompletedBy": 0,
            "CustomerId": "jerry_montero",
            "CompletionTime": {
                "elapsedDays": 35,
                "time": 142
            },
            "Items": [
                {
                    "String": "weddingass",
                    "Int": 1
                }
            ],
            "AmountPaid": 720.0
        },
        {
            "ReceiptId": 702070954,
            "CompletedBy": 0,
            "CustomerId": "geraldine_poon",
            "CompletionTime": {
                "elapsedDays": 35,
                "time": 221
            },
            "Items": [
                {
                    "String": "weddingass",
                    "Int": 1
                }
            ],
            "AmountPaid": 720.0
        },
        {
            "ReceiptId": 1562997206,
            "CompletedBy": 0,
            "CustomerId": "kyle_cooley",
            "CompletionTime": {
                "elapsedDays": 35,
                "time": 246
            },
            "Items": [
                {
                    "String": "weddingass",
                    "Int": 1
                }
            ],
            "AmountPaid": 624.0
        },
        {
            "ReceiptId": -605121575,
            "CompletedBy": 0,
            "CustomerId": "kathy_henderson",
            "CompletionTime": {
                "elapsedDays": 35,
                "time": 400
            },
            "Items": [
                {
                    "String": "sweetghost",
                    "Int": 1
                }
            ],
            "AmountPaid": 600.0
        },
        {
            "ReceiptId": -845742082,
            "CompletedBy": 0,
            "CustomerId": "jessi_waters",
            "CompletionTime": {
                "elapsedDays": 35,
                "time": 400
            },
            "Items": [
                {
                    "String": "weddingass",
                    "Int": 1
                }
            ],
            "AmountPaid": 900.0
        },
        {
            "ReceiptId": 1134074339,
            "CompletedBy": 1,
            "CustomerId": "meg_cooley",
            "CompletionTime": {
                "elapsedDays": 35,
                "time": 951
            },
            "Items": [
                {
                    "String": "granddaddypurple",
                    "Int": 1
                },
                {
                    "String": "granddaddypurple",
                    "Int": 1
                }
            ],
            "AmountPaid": 170.0
        },
        {
            "ReceiptId": -1915289759,
            "CompletedBy": 1,
            "CustomerId": "peggy_myers",
            "CompletionTime": {
                "elapsedDays": 35,
                "time": 1633
            },
            "Items": [
                {
                    "String": "granddaddypurple",
                    "Int": 1
                },
                {
                    "String": "granddaddypurple",
                    "Int": 1
                },
                {
                    "String": "granddaddypurple",
                    "Int": 1
                }
            ],
            "AmountPaid": 255.0
        },
        {
            "ReceiptId": 2092954276,
            "CompletedBy": 1,
            "CustomerId": "ming",
            "CompletionTime": {
                "elapsedDays": 35,
                "time": 2035
            },
            "Items": [
                {
                    "String": "granddaddypurple",
                    "Int": 1
                },
                {
                    "String": "granddaddypurple",
                    "Int": 1
                }
            ],
            "AmountPaid": 170.0
        },
        {
            "ReceiptId": -319838652,
            "CompletedBy": 1,
            "CustomerId": "peggy_myers",
            "CompletionTime": {
                "elapsedDays": 36,
                "time": 1622
            },
            "Items": [
                {
                    "String": "greencrack",
                    "Int": 1
                },
                {
                    "String": "greencrack",
                    "Int": 1
                },
                {
                    "String": "greencrack",
                    "Int": 1
                },
                {
                    "String": "greencrack",
                    "Int": 1
                }
            ],
            "AmountPaid": 360.0
        }
    ]
}