{
    "DataType": "ProductManagerData",
    "DataVersion": 0,
    "GameVersion": "0.4.0f5",
    "DiscoveredProducts": [
        "ogkush",
        "sourdiesel",
        "greencrack",
        "granddaddypurple",
        "banan",
        "weddingass",
        "afghanshart",
        "sweetghost",
        "darksmegma",
        "lastink",
        "purplecheese",
        "pinkcheese",
        "miraclecock",
        "fatcum",
        "californiacookies",
        "girlscoutpuke",
        "miraclecrack",
        "biggold",
        "pinkballs",
        "cocaine",
        "meth",
        "strawberryshart",
        "californiapunch",
        "strawberrydick",
        "strawberrydurkle",
        "fatcheese",
        "bananagrool",
        "slimyballs",
        "icecreampiss",
        "dreamcrystal",
        "larhino",
        "miraclehaze",
        "ogmclovin",
        "fruityqueef",
        "tokyoassblaster",
        "thickdiesel",
        "californiadiesel",
        "shinystink",
        "aspenshart",
        "darkmint",
        "ultrashart",
        "ultrapunch",
        "ultracock",
        "nightmarecake",
        "granddaddystink"
    ],
    "ListedProducts": [
        "sweetghost"
    ],
    "ActiveMixOperation": {
        "ProductID": "",
        "IngredientID": ""
    },
    "IsMixComplete": false,
    "MixRecipes": [
        {
            "Product": "sourdiesel",
            "Mixer": "banana",
            "Output": "banan"
        },
        {
            "Product": "sourdiesel",
            "Mixer": "viagor",
            "Output": "weddingass"
        },
        {
            "Product": "ogkush",
            "Mixer": "viagor",
            "Output": "afghanshart"
        },
        {
            "Product": "afghanshart",
            "Mixer": "paracetamol",
            "Output": "sweetghost"
        },
        {
            "Product": "sourdiesel",
            "Mixer": "cuke",
            "Output": "darksmegma"
        },
        {
            "Product": "granddaddypurple",
            "Mixer": "mouthwash",
            "Output": "lastink"
        },
        {
            "Product": "ogkush",
            "Mixer": "mouthwash",
            "Output": "purplecheese"
        },
        {
            "Product": "weddingass",
            "Mixer": "mouthwash",
            "Output": "pinkcheese"
        },
        {
            "Product": "weddingass",
            "Mixer": "paracetamol",
            "Output": "miraclecock"
        },
        {
            "Product": "greencrack",
            "Mixer": "mouthwash",
            "Output": "fatcum"
        },
        {
            "Product": "sourdiesel",
            "Mixer": "flumedicine",
            "Output": "californiacookies"
        },
        {
            "Product": "sourdiesel",
            "Mixer": "paracetamol",
            "Output": "girlscoutpuke"
        },
        {
            "Product": "ogkush",
            "Mixer": "gasoline",
            "Output": "miraclecrack"
        },
        {
            "Product": "miraclecrack",
            "Mixer": "cuke",
            "Output": "biggold"
        },
        {
            "Product": "biggold",
            "Mixer": "flumedicine",
            "Output": "pinkballs"
        },
        {
            "Product": "energydrink",
            "Mixer": "sweetghost",
            "Output": "strawberryshart"
        },
        {
            "Product": "cuke",
            "Mixer": "strawberryshart",
            "Output": "californiapunch"
        },
        {
            "Product": "cuke",
            "Mixer": "sweetghost",
            "Output": "strawberrydick"
        },
        {
            "Product": "viagor",
            "Mixer": "granddaddypurple",
            "Output": "strawberrydurkle"
        },
        {
            "Product": "paracetamol",
            "Mixer": "strawberrydurkle",
            "Output": "fatcheese"
        },
        {
            "Product": "gasoline",
            "Mixer": "granddaddypurple",
            "Output": "bananagrool"
        },
        {
            "Product": "energydrink",
            "Mixer": "bananagrool",
            "Output": "slimyballs"
        },
        {
            "Product": "energydrink",
            "Mixer": "californiacookies",
            "Output": "icecreampiss"
        },
        {
            "Product": "cuke",
            "Mixer": "icecreampiss",
            "Output": "dreamcrystal"
        },
        {
            "Product": "gasoline",
            "Mixer": "dreamcrystal",
            "Output": "larhino"
        },
        {
            "Product": "gasoline",
            "Mixer": "larhino",
            "Output": "miraclehaze"
        },
        {
            "Product": "mouthwash",
            "Mixer": "miraclehaze",
            "Output": "ogmclovin"
        },
        {
            "Product": "cuke",
            "Mixer": "slimyballs",
            "Output": "fruityqueef"
        },
        {
            "Product": "banana",
            "Mixer": "biggold",
            "Output": "tokyoassblaster"
        },
        {
            "Product": "gasoline",
            "Mixer": "tokyoassblaster",
            "Output": "thickdiesel"
        },
        {
            "Product": "energydrink",
            "Mixer": "miraclecrack",
            "Output": "californiadiesel"
        },
        {
            "Product": "viagor",
            "Mixer": "californiadiesel",
            "Output": "shinystink"
        },
        {
            "Product": "cuke",
            "Mixer": "banan",
            "Output": "aspenshart"
        },
        {
            "Product": "paracetamol",
            "Mixer": "aspenshart",
            "Output": "darkmint"
        },
        {
            "Product": "flumedicine",
            "Mixer": "darkmint",
            "Output": "ultrashart"
        },
        {
            "Product": "gasoline",
            "Mixer": "ultrashart",
            "Output": "ultrapunch"
        },
        {
            "Product": "banana",
            "Mixer": "ultrapunch",
            "Output": "ultracock"
        },
        {
            "Product": "cuke",
            "Mixer": "ultracock",
            "Output": "nightmarecake"
        },
        {
            "Product": "flumedicine",
            "Mixer": "nightmarecake",
            "Output": "granddaddystink"
        }
    ],
    "ProductPrices": [
        {
            "String": "ogkush",
            "Int": 50
        },
        {
            "String": "sourdiesel",
            "Int": 60
        },
        {
            "String": "greencrack",
            "Int": 70
        },
        {
            "String": "granddaddypurple",
            "Int": 70
        },
        {
            "String": "meth",
            "Int": 70
        },
        {
            "String": "cocaine",
            "Int": 150
        },
        {
            "String": "banan",
            "Int": 47
        },
        {
            "String": "weddingass",
            "Int": 90
        },
        {
            "String": "afghanshart",
            "Int": 55
        },
        {
            "String": "sweetghost",
            "Int": 100
        },
        {
            "String": "darksmegma",
            "Int": 48
        },
        {
            "String": "lastink",
            "Int": 55
        },
        {
            "String": "purplecheese",
            "Int": 64
        },
        {
            "String": "pinkcheese",
            "Int": 66
        },
        {
            "String": "miraclecock",
            "Int": 64
        },
        {
            "String": "fatcum",
            "Int": 53
        },
        {
            "String": "californiacookies",
            "Int": 49
        },
        {
            "String": "girlscoutpuke",
            "Int": 48
        },
        {
            "String": "miraclecrack",
            "Int": 38
        },
        {
            "String": "biggold",
            "Int": 52
        },
        {
            "String": "pinkballs",
            "Int": 66
        },
        {
            "String": "strawberryshart",
            "Int": 83
        },
        {
            "String": "californiapunch",
            "Int": 74
        },
        {
            "String": "strawberrydick",
            "Int": 63
        },
        {
            "String": "strawberrydurkle",
            "Int": 60
        },
        {
            "String": "fatcheese",
            "Int": 69
        },
        {
            "String": "bananagrool",
            "Int": 44
        },
        {
            "String": "slimyballs",
            "Int": 50
        },
        {
            "String": "icecreampiss",
            "Int": 55
        },
        {
            "String": "dreamcrystal",
            "Int": 63
        },
        {
            "String": "larhino",
            "Int": 66
        },
        {
            "String": "miraclehaze",
            "Int": 74
        },
        {
            "String": "ogmclovin",
            "Int": 84
        },
        {
            "String": "fruityqueef",
            "Int": 64
        },
        {
            "String": "tokyoassblaster",
            "Int": 72
        },
        {
            "String": "thickdiesel",
            "Int": 80
        },
        {
            "String": "californiadiesel",
            "Int": 50
        },
        {
            "String": "shinystink",
            "Int": 63
        },
        {
            "String": "aspenshart",
            "Int": 63
        },
        {
            "String": "darkmint",
            "Int": 64
        },
        {
            "String": "ultrashart",
            "Int": 64
        },
        {
            "String": "ultrapunch",
            "Int": 69
        },
        {
            "String": "ultracock",
            "Int": 99
        },
        {
            "String": "nightmarecake",
            "Int": 107
        },
        {
            "String": "granddaddystink",
            "Int": 99
        }
    ],
    "FavouritedProducts": [
        "afghanshart",
        "ogkush",
        "granddaddypurple",
        "greencrack",
        "weddingass",
        "banan",
        "sweetghost",
        "purplecheese"
    ],
    "CreatedWeed": [
        {
            "DataType": "WeedProductData",
            "DataVersion": 0,
            "GameVersion": "0.4.0f5",
            "Name": "Banan",
            "ID": "banan",
            "DrugType": 0,
            "Properties": [
                "refreshing",
                "gingeritis"
            ],
            "AppearanceSettings": {
                "MainColor": {
                    "r": 103,
                    "g": 123,
                    "b": 82,
                    "a": 255
                },
                "SecondaryColor": {
                    "r": 158,
                    "g": 150,
                    "b": 86,
                    "a": 255
                },
                "LeafColor": {
                    "r": 130,
                    "g": 136,
                    "b": 84,
                    "a": 255
                },
                "StemColor": {
                    "r": 82,
                    "g": 98,
                    "b": 65,
                    "a": 255
                }
            }
        },
        {
            "DataType": "WeedProductData",
            "DataVersion": 0,
            "GameVersion": "0.4.0f5",
            "Name": "Wedding Ass",
            "ID": "weddingass",
            "DrugType": 0,
            "Properties": [
                "refreshing",
                "tropicthunder"
            ],
            "AppearanceSettings": {
                "MainColor": {
                    "r": 103,
                    "g": 123,
                    "b": 82,
                    "a": 255
                },
                "SecondaryColor": {
                    "r": 196,
                    "g": 189,
                    "b": 105,
                    "a": 255
                },
                "LeafColor": {
                    "r": 149,
                    "g": 156,
                    "b": 93,
                    "a": 255
                },
                "StemColor": {
                    "r": 82,
                    "g": 98,
                    "b": 65,
                    "a": 255
                }
            }
        },
        {
            "DataType": "WeedProductData",
            "DataVersion": 0,
            "GameVersion": "0.4.0f5",
            "Name": "Afghan Shart",
            "ID": "afghanshart",
            "DrugType": 0,
            "Properties": [
                "calming",
                "tropicthunder"
            ],
            "AppearanceSettings": {
                "MainColor": {
                    "r": 114,
                    "g": 116,
                    "b": 82,
                    "a": 255
                },
                "SecondaryColor": {
                    "r": 228,
                    "g": 171,
                    "b": 106,
                    "a": 255
                },
                "LeafColor": {
                    "r": 171,
                    "g": 143,
                    "b": 94,
                    "a": 255
                },
                "StemColor": {
                    "r": 91,
                    "g": 92,
                    "b": 65,
                    "a": 255
                }
            }
        },
        {
            "DataType": "WeedProductData",
            "DataVersion": 0,
            "GameVersion": "0.4.0f5",
            "Name": "Sweet Ghost",
            "ID": "sweetghost",
            "DrugType": 0,
            "Properties": [
                "sneaky",
                "slippery",
                "tropicthunder"
            ],
            "AppearanceSettings": {
                "MainColor": {
                    "r": 99,
                    "g": 106,
                    "b": 85,
                    "a": 255
                },
                "SecondaryColor": {
                    "r": 133,
                    "g": 151,
                    "b": 145,
                    "a": 255
                },
                "LeafColor": {
                    "r": 116,
                    "g": 128,
                    "b": 115,
                    "a": 255
                },
                "StemColor": {
                    "r": 79,
                    "g": 84,
                    "b": 68,
                    "a": 255
                }
            }
        },
        {
            "DataType": "WeedProductData",
            "DataVersion": 0,
            "GameVersion": "0.4.0f5",
            "Name": "Dark Smegma",
            "ID": "darksmegma",
            "DrugType": 0,
            "Properties": [
                "refreshing",
                "energizing"
            ],
            "AppearanceSettings": {
                "MainColor": {
                    "r": 103,
                    "g": 123,
                    "b": 82,
                    "a": 255
                },
                "SecondaryColor": {
                    "r": 138,
                    "g": 174,
                    "b": 100,
                    "a": 255
                },
                "LeafColor": {
                    "r": 120,
                    "g": 148,
                    "b": 91,
                    "a": 255
                },
                "StemColor": {
                    "r": 82,
                    "g": 98,
                    "b": 65,
                    "a": 255
                }
            }
        },
        {
            "DataType": "WeedProductData",
            "DataVersion": 0,
            "GameVersion": "0.4.0f5",
            "Name": "LA Stink",
            "ID": "lastink",
            "DrugType": 0,
            "Properties": [
                "sedating",
                "balding"
            ],
            "AppearanceSettings": {
                "MainColor": {
                    "r": 83,
                    "g": 88,
                    "b": 95,
                    "a": 255
                },
                "SecondaryColor": {
                    "r": 128,
                    "g": 109,
                    "b": 93,
                    "a": 255
                },
                "LeafColor": {
                    "r": 105,
                    "g": 98,
                    "b": 94,
                    "a": 255
                },
                "StemColor": {
                    "r": 66,
                    "g": 70,
                    "b": 76,
                    "a": 255
                }
            }
        },
        {
            "DataType": "WeedProductData",
            "DataVersion": 0,
            "GameVersion": "0.4.0f5",
            "Name": "Purple Cheese",
            "ID": "purplecheese",
            "DrugType": 0,
            "Properties": [
                "balding",
                "antigravity"
            ],
            "AppearanceSettings": {
                "MainColor": {
                    "r": 139,
                    "g": 120,
                    "b": 61,
                    "a": 255
                },
                "SecondaryColor": {
                    "r": 118,
                    "g": 118,
                    "b": 127,
                    "a": 255
                },
                "LeafColor": {
                    "r": 128,
                    "g": 119,
                    "b": 94,
                    "a": 255
                },
                "StemColor": {
                    "r": 111,
                    "g": 96,
                    "b": 48,
                    "a": 255
                }
            }
        },
        {
            "DataType": "WeedProductData",
            "DataVersion": 0,
            "GameVersion": "0.4.0f5",
            "Name": "Pink Cheese",
            "ID": "pinkcheese",
            "DrugType": 0,
            "Properties": [
                "refreshing",
                "balding",
                "tropicthunder"
            ],
            "AppearanceSettings": {
                "MainColor": {
                    "r": 103,
                    "g": 123,
                    "b": 82,
                    "a": 255
                },
                "SecondaryColor": {
                    "r": 161,
                    "g": 168,
                    "b": 92,
                    "a": 255
                },
                "LeafColor": {
                    "r": 132,
                    "g": 145,
                    "b": 87,
                    "a": 255
                },
                "StemColor": {
                    "r": 82,
                    "g": 98,
                    "b": 65,
                    "a": 255
                }
            }
        },
        {
            "DataType": "WeedProductData",
            "DataVersion": 0,
            "GameVersion": "0.4.0f5",
            "Name": "Miracle Cock",
            "ID": "miraclecock",
            "DrugType": 0,
            "Properties": [
                "refreshing",
                "sneaky",
                "tropicthunder"
            ],
            "AppearanceSettings": {
                "MainColor": {
                    "r": 103,
                    "g": 123,
                    "b": 82,
                    "a": 255
                },
                "SecondaryColor": {
                    "r": 132,
                    "g": 147,
                    "b": 103,
                    "a": 255
                },
                "LeafColor": {
                    "r": 117,
                    "g": 135,
                    "b": 92,
                    "a": 255
                },
                "StemColor": {
                    "r": 82,
                    "g": 98,
                    "b": 65,
                    "a": 255
                }
            }
        },
        {
            "DataType": "WeedProductData",
            "DataVersion": 0,
            "GameVersion": "0.4.0f5",
            "Name": "Fat Cum",
            "ID": "fatcum",
            "DrugType": 0,
            "Properties": [
                "energizing",
                "balding"
            ],
            "AppearanceSettings": {
                "MainColor": {
                    "r": 109,
                    "g": 146,
                    "b": 81,
                    "a": 255
                },
                "SecondaryColor": {
                    "r": 154,
                    "g": 168,
                    "b": 79,
                    "a": 255
                },
                "LeafColor": {
                    "r": 131,
                    "g": 157,
                    "b": 80,
                    "a": 255
                },
                "StemColor": {
                    "r": 87,
                    "g": 116,
                    "b": 64,
                    "a": 255
                }
            }
        },
        {
            "DataType": "WeedProductData",
            "DataVersion": 0,
            "GameVersion": "0.4.0f5",
            "Name": "California Cookies",
            "ID": "californiacookies",
            "DrugType": 0,
            "Properties": [
                "refreshing",
                "sedating"
            ],
            "AppearanceSettings": {
                "MainColor": {
                    "r": 103,
                    "g": 123,
                    "b": 82,
                    "a": 255
                },
                "SecondaryColor": {
                    "r": 121,
                    "g": 134,
                    "b": 109,
                    "a": 255
                },
                "LeafColor": {
                    "r": 112,
                    "g": 128,
                    "b": 95,
                    "a": 255
                },
                "StemColor": {
                    "r": 82,
                    "g": 98,
                    "b": 65,
                    "a": 255
                }
            }
        },
        {
            "DataType": "WeedProductData",
            "DataVersion": 0,
            "GameVersion": "0.4.0f5",
            "Name": "Girl Scout Puke",
            "ID": "girlscoutpuke",
            "DrugType": 0,
            "Properties": [
                "refreshing",
                "sneaky"
            ],
            "AppearanceSettings": {
                "MainColor": {
                    "r": 103,
                    "g": 123,
                    "b": 82,
                    "a": 255
                },
                "SecondaryColor": {
                    "r": 132,
                    "g": 147,
                    "b": 103,
                    "a": 255
                },
                "LeafColor": {
                    "r": 117,
                    "g": 135,
                    "b": 92,
                    "a": 255
                },
                "StemColor": {
                    "r": 82,
                    "g": 98,
                    "b": 65,
                    "a": 255
                }
            }
        },
        {
            "DataType": "WeedProductData",
            "DataVersion": 0,
            "GameVersion": "0.4.0f5",
            "Name": "Miracle Crack",
            "ID": "miraclecrack",
            "DrugType": 0,
            "Properties": [
                "calming",
                "toxic"
            ],
            "AppearanceSettings": {
                "MainColor": {
                    "r": 114,
                    "g": 116,
                    "b": 82,
                    "a": 255
                },
                "SecondaryColor": {
                    "r": 142,
                    "g": 144,
                    "b": 88,
                    "a": 255
                },
                "LeafColor": {
                    "r": 128,
                    "g": 130,
                    "b": 85,
                    "a": 255
                },
                "StemColor": {
                    "r": 91,
                    "g": 92,
                    "b": 65,
                    "a": 255
                }
            }
        },
        {
            "DataType": "WeedProductData",
            "DataVersion": 0,
            "GameVersion": "0.4.0f5",
            "Name": "Big Gold",
            "ID": "biggold",
            "DrugType": 0,
            "Properties": [
                "calming",
                "Euphoric",
                "energizing"
            ],
            "AppearanceSettings": {
                "MainColor": {
                    "r": 114,
                    "g": 116,
                    "b": 82,
                    "a": 255
                },
                "SecondaryColor": {
                    "r": 147,
                    "g": 140,
                    "b": 91,
                    "a": 255
                },
                "LeafColor": {
                    "r": 130,
                    "g": 128,
                    "b": 86,
                    "a": 255
                },
                "StemColor": {
                    "r": 91,
                    "g": 92,
                    "b": 65,
                    "a": 255
                }
            }
        },
        {
            "DataType": "WeedProductData",
            "DataVersion": 0,
            "GameVersion": "0.4.0f5",
            "Name": "Pink Balls",
            "ID": "pinkballs",
            "DrugType": 0,
            "Properties": [
                "toxic",
                "energizing",
                "sedating",
                "brighteyed"
            ],
            "AppearanceSettings": {
                "MainColor": {
                    "r": 91,
                    "g": 116,
                    "b": 63,
                    "a": 255
                },
                "SecondaryColor": {
                    "r": 121,
                    "g": 153,
                    "b": 79,
                    "a": 255
                },
                "LeafColor": {
                    "r": 106,
                    "g": 134,
                    "b": 71,
                    "a": 255
                },
                "StemColor": {
                    "r": 72,
                    "g": 92,
                    "b": 50,
                    "a": 255
                }
            }
        },
        {
            "DataType": "WeedProductData",
            "DataVersion": 0,
            "GameVersion": "0.4.0f5",
            "Name": "Strawberry Shart",
            "ID": "strawberryshart",
            "DrugType": 0,
            "Properties": [
                "sneaky",
                "athletic",
                "slippery",
                "tropicthunder"
            ],
            "AppearanceSettings": {
                "MainColor": {
                    "r": 99,
                    "g": 106,
                    "b": 85,
                    "a": 255
                },
                "SecondaryColor": {
                    "r": 133,
                    "g": 151,
                    "b": 145,
                    "a": 255
                },
                "LeafColor": {
                    "r": 116,
                    "g": 128,
                    "b": 115,
                    "a": 255
                },
                "StemColor": {
                    "r": 79,
                    "g": 84,
                    "b": 68,
                    "a": 255
                }
            }
        },
        {
            "DataType": "WeedProductData",
            "DataVersion": 0,
            "GameVersion": "0.4.0f5",
            "Name": "California Punch",
            "ID": "californiapunch",
            "DrugType": 0,
            "Properties": [
                "paranoia",
                "munchies",
                "energizing",
                "athletic",
                "tropicthunder"
            ],
            "AppearanceSettings": {
                "MainColor": {
                    "r": 106,
                    "g": 99,
                    "b": 78,
                    "a": 255
                },
                "SecondaryColor": {
                    "r": 135,
                    "g": 116,
                    "b": 85,
                    "a": 255
                },
                "LeafColor": {
                    "r": 120,
                    "g": 107,
                    "b": 81,
                    "a": 255
                },
                "StemColor": {
                    "r": 84,
                    "g": 79,
                    "b": 62,
                    "a": 255
                }
            }
        },
        {
            "DataType": "WeedProductData",
            "DataVersion": 0,
            "GameVersion": "0.4.0f5",
            "Name": "Strawberry Dick",
            "ID": "strawberrydick",
            "DrugType": 0,
            "Properties": [
                "paranoia",
                "munchies",
                "energizing",
                "tropicthunder"
            ],
            "AppearanceSettings": {
                "MainColor": {
                    "r": 106,
                    "g": 99,
                    "b": 78,
                    "a": 255
                },
                "SecondaryColor": {
                    "r": 135,
                    "g": 116,
                    "b": 85,
                    "a": 255
                },
                "LeafColor": {
                    "r": 120,
                    "g": 107,
                    "b": 81,
                    "a": 255
                },
                "StemColor": {
                    "r": 84,
                    "g": 79,
                    "b": 62,
                    "a": 255
                }
            }
        },
        {
            "DataType": "WeedProductData",
            "DataVersion": 0,
            "GameVersion": "0.4.0f5",
            "Name": "Strawberry Durkle",
            "ID": "strawberrydurkle",
            "DrugType": 0,
            "Properties": [
                "sedating",
                "tropicthunder"
            ],
            "AppearanceSettings": {
                "MainColor": {
                    "r": 83,
                    "g": 88,
                    "b": 95,
                    "a": 255
                },
                "SecondaryColor": {
                    "r": 153,
                    "g": 111,
                    "b": 105,
                    "a": 255
                },
                "LeafColor": {
                    "r": 118,
                    "g": 99,
                    "b": 100,
                    "a": 255
                },
                "StemColor": {
                    "r": 66,
                    "g": 70,
                    "b": 76,
                    "a": 255
                }
            }
        },
        {
            "DataType": "WeedProductData",
            "DataVersion": 0,
            "GameVersion": "0.4.0f5",
            "Name": "Fat Cheese",
            "ID": "fatcheese",
            "DrugType": 0,
            "Properties": [
                "sneaky",
                "sedating",
                "tropicthunder"
            ],
            "AppearanceSettings": {
                "MainColor": {
                    "r": 83,
                    "g": 88,
                    "b": 95,
                    "a": 255
                },
                "SecondaryColor": {
                    "r": 110,
                    "g": 108,
                    "b": 103,
                    "a": 255
                },
                "LeafColor": {
                    "r": 96,
                    "g": 98,
                    "b": 99,
                    "a": 255
                },
                "StemColor": {
                    "r": 66,
                    "g": 70,
                    "b": 76,
                    "a": 255
                }
            }
        },
        {
            "DataType": "WeedProductData",
            "DataVersion": 0,
            "GameVersion": "0.4.0f5",
            "Name": "Banana Grool",
            "ID": "bananagrool",
            "DrugType": 0,
            "Properties": [
                "toxic",
                "sedating"
            ],
            "AppearanceSettings": {
                "MainColor": {
                    "r": 83,
                    "g": 88,
                    "b": 95,
                    "a": 255
                },
                "SecondaryColor": {
                    "r": 104,
                    "g": 114,
                    "b": 88,
                    "a": 255
                },
                "LeafColor": {
                    "r": 93,
                    "g": 101,
                    "b": 91,
                    "a": 255
                },
                "StemColor": {
                    "r": 66,
                    "g": 70,
                    "b": 76,
                    "a": 255
                }
            }
        },
        {
            "DataType": "WeedProductData",
            "DataVersion": 0,
            "GameVersion": "0.4.0f5",
            "Name": "Slimy Balls",
            "ID": "slimyballs",
            "DrugType": 0,
            "Properties": [
                "munchies",
                "toxic",
                "athletic"
            ],
            "AppearanceSettings": {
                "MainColor": {
                    "r": 106,
                    "g": 101,
                    "b": 72,
                    "a": 255
                },
                "SecondaryColor": {
                    "r": 131,
                    "g": 124,
                    "b": 75,
                    "a": 255
                },
                "LeafColor": {
                    "r": 118,
                    "g": 112,
                    "b": 73,
                    "a": 255
                },
                "StemColor": {
                    "r": 84,
                    "g": 80,
                    "b": 57,
                    "a": 255
                }
            }
        },
        {
            "DataType": "WeedProductData",
            "DataVersion": 0,
            "GameVersion": "0.4.0f5",
            "Name": "Ice Cream Piss",
            "ID": "icecreampiss",
            "DrugType": 0,
            "Properties": [
                "munchies",
                "refreshing",
                "athletic"
            ],
            "AppearanceSettings": {
                "MainColor": {
                    "r": 103,
                    "g": 123,
                    "b": 82,
                    "a": 255
                },
                "SecondaryColor": {
                    "r": 134,
                    "g": 132,
                    "b": 88,
                    "a": 255
                },
                "LeafColor": {
                    "r": 118,
                    "g": 127,
                    "b": 85,
                    "a": 255
                },
                "StemColor": {
                    "r": 82,
                    "g": 98,
                    "b": 65,
                    "a": 255
                }
            }
        },
        {
            "DataType": "WeedProductData",
            "DataVersion": 0,
            "GameVersion": "0.4.0f5",
            "Name": "Dream Crystal",
            "ID": "dreamcrystal",
            "DrugType": 0,
            "Properties": [
                "munchies",
                "refreshing",
                "energizing",
                "athletic"
            ],
            "AppearanceSettings": {
                "MainColor": {
                    "r": 106,
                    "g": 101,
                    "b": 72,
                    "a": 255
                },
                "SecondaryColor": {
                    "r": 134,
                    "g": 132,
                    "b": 88,
                    "a": 255
                },
                "LeafColor": {
                    "r": 120,
                    "g": 116,
                    "b": 80,
                    "a": 255
                },
                "StemColor": {
                    "r": 84,
                    "g": 80,
                    "b": 57,
                    "a": 255
                }
            }
        },
        {
            "DataType": "WeedProductData",
            "DataVersion": 0,
            "GameVersion": "0.4.0f5",
            "Name": "LA Rhino",
            "ID": "larhino",
            "DrugType": 0,
            "Properties": [
                "refreshing",
                "Euphoric",
                "toxic",
                "sedating",
                "athletic"
            ],
            "AppearanceSettings": {
                "MainColor": {
                    "r": 103,
                    "g": 123,
                    "b": 82,
                    "a": 255
                },
                "SecondaryColor": {
                    "r": 139,
                    "g": 145,
                    "b": 91,
                    "a": 255
                },
                "LeafColor": {
                    "r": 121,
                    "g": 134,
                    "b": 86,
                    "a": 255
                },
                "StemColor": {
                    "r": 82,
                    "g": 98,
                    "b": 65,
                    "a": 255
                }
            }
        },
        {
            "DataType": "WeedProductData",
            "DataVersion": 0,
            "GameVersion": "0.4.0f5",
            "Name": "Miracle Haze",
            "ID": "miraclehaze",
            "DrugType": 0,
            "Properties": [
                "refreshing",
                "toxic",
                "sedating",
                "athletic",
                "spicy"
            ],
            "AppearanceSettings": {
                "MainColor": {
                    "r": 103,
                    "g": 123,
                    "b": 82,
                    "a": 255
                },
                "SecondaryColor": {
                    "r": 126,
                    "g": 153,
                    "b": 88,
                    "a": 255
                },
                "LeafColor": {
                    "r": 114,
                    "g": 138,
                    "b": 85,
                    "a": 255
                },
                "StemColor": {
                    "r": 82,
                    "g": 98,
                    "b": 65,
                    "a": 255
                }
            }
        },
        {
            "DataType": "WeedProductData",
            "DataVersion": 0,
            "GameVersion": "0.4.0f5",
            "Name": "OG McLovin",
            "ID": "ogmclovin",
            "DrugType": 0,
            "Properties": [
                "refreshing",
                "toxic",
                "sedating",
                "balding",
                "athletic",
                "spicy"
            ],
            "AppearanceSettings": {
                "MainColor": {
                    "r": 103,
                    "g": 123,
                    "b": 82,
                    "a": 255
                },
                "SecondaryColor": {
                    "r": 126,
                    "g": 153,
                    "b": 88,
                    "a": 255
                },
                "LeafColor": {
                    "r": 114,
                    "g": 138,
                    "b": 85,
                    "a": 255
                },
                "StemColor": {
                    "r": 82,
                    "g": 98,
                    "b": 65,
                    "a": 255
                }
            }
        },
        {
            "DataType": "WeedProductData",
            "DataVersion": 0,
            "GameVersion": "0.4.0f5",
            "Name": "Fruity Queef",
            "ID": "fruityqueef",
            "DrugType": 0,
            "Properties": [
                "munchies",
                "Euphoric",
                "energizing",
                "athletic"
            ],
            "AppearanceSettings": {
                "MainColor": {
                    "r": 106,
                    "g": 101,
                    "b": 72,
                    "a": 255
                },
                "SecondaryColor": {
                    "r": 141,
                    "g": 130,
                    "b": 84,
                    "a": 255
                },
                "LeafColor": {
                    "r": 123,
                    "g": 115,
                    "b": 78,
                    "a": 255
                },
                "StemColor": {
                    "r": 84,
                    "g": 80,
                    "b": 57,
                    "a": 255
                }
            }
        },
        {
            "DataType": "WeedProductData",
            "DataVersion": 0,
            "GameVersion": "0.4.0f5",
            "Name": "Tokyo Assblaster",
            "ID": "tokyoassblaster",
            "DrugType": 0,
            "Properties": [
                "Euphoric",
                "gingeritis",
                "sneaky",
                "thoughtprovoking"
            ],
            "AppearanceSettings": {
                "MainColor": {
                    "r": 114,
                    "g": 120,
                    "b": 77,
                    "a": 255
                },
                "SecondaryColor": {
                    "r": 147,
                    "g": 143,
                    "b": 96,
                    "a": 255
                },
                "LeafColor": {
                    "r": 130,
                    "g": 131,
                    "b": 86,
                    "a": 255
                },
                "StemColor": {
                    "r": 91,
                    "g": 96,
                    "b": 61,
                    "a": 255
                }
            }
        },
        {
            "DataType": "WeedProductData",
            "DataVersion": 0,
            "GameVersion": "0.4.0f5",
            "Name": "Thick Diesel",
            "ID": "thickdiesel",
            "DrugType": 0,
            "Properties": [
                "smelly",
                "toxic",
                "spicy",
                "thoughtprovoking",
                "tropicthunder"
            ],
            "AppearanceSettings": {
                "MainColor": {
                    "r": 95,
                    "g": 113,
                    "b": 66,
                    "a": 255
                },
                "SecondaryColor": {
                    "r": 115,
                    "g": 140,
                    "b": 67,
                    "a": 255
                },
                "LeafColor": {
                    "r": 105,
                    "g": 126,
                    "b": 66,
                    "a": 255
                },
                "StemColor": {
                    "r": 76,
                    "g": 90,
                    "b": 52,
                    "a": 255
                }
            }
        },
        {
            "DataType": "WeedProductData",
            "DataVersion": 0,
            "GameVersion": "0.4.0f5",
            "Name": "California Diesel",
            "ID": "californiadiesel",
            "DrugType": 0,
            "Properties": [
                "calming",
                "toxic",
                "athletic"
            ],
            "AppearanceSettings": {
                "MainColor": {
                    "r": 114,
                    "g": 116,
                    "b": 82,
                    "a": 255
                },
                "SecondaryColor": {
                    "r": 142,
                    "g": 144,
                    "b": 88,
                    "a": 255
                },
                "LeafColor": {
                    "r": 128,
                    "g": 130,
                    "b": 85,
                    "a": 255
                },
                "StemColor": {
                    "r": 91,
                    "g": 92,
                    "b": 65,
                    "a": 255
                }
            }
        },
        {
            "DataType": "WeedProductData",
            "DataVersion": 0,
            "GameVersion": "0.4.0f5",
            "Name": "Shiny Stink",
            "ID": "shinystink",
            "DrugType": 0,
            "Properties": [
                "calming",
                "toxic",
                "sneaky",
                "tropicthunder"
            ],
            "AppearanceSettings": {
                "MainColor": {
                    "r": 114,
                    "g": 116,
                    "b": 82,
                    "a": 255
                },
                "SecondaryColor": {
                    "r": 142,
                    "g": 144,
                    "b": 88,
                    "a": 255
                },
                "LeafColor": {
                    "r": 128,
                    "g": 130,
                    "b": 85,
                    "a": 255
                },
                "StemColor": {
                    "r": 91,
                    "g": 92,
                    "b": 65,
                    "a": 255
                }
            }
        },
        {
            "DataType": "WeedProductData",
            "DataVersion": 0,
            "GameVersion": "0.4.0f5",
            "Name": "Aspen Shart",
            "ID": "aspenshart",
            "DrugType": 0,
            "Properties": [
                "refreshing",
                "energizing",
                "thoughtprovoking"
            ],
            "AppearanceSettings": {
                "MainColor": {
                    "r": 103,
                    "g": 123,
                    "b": 82,
                    "a": 255
                },
                "SecondaryColor": {
                    "r": 138,
                    "g": 174,
                    "b": 100,
                    "a": 255
                },
                "LeafColor": {
                    "r": 120,
                    "g": 148,
                    "b": 91,
                    "a": 255
                },
                "StemColor": {
                    "r": 82,
                    "g": 98,
                    "b": 65,
                    "a": 255
                }
            }
        },
        {
            "DataType": "WeedProductData",
            "DataVersion": 0,
            "GameVersion": "0.4.0f5",
            "Name": "Dark Mint",
            "ID": "darkmint",
            "DrugType": 0,
            "Properties": [
                "paranoia",
                "refreshing",
                "sneaky",
                "thoughtprovoking"
            ],
            "AppearanceSettings": {
                "MainColor": {
                    "r": 103,
                    "g": 123,
                    "b": 82,
                    "a": 255
                },
                "SecondaryColor": {
                    "r": 133,
                    "g": 131,
                    "b": 92,
                    "a": 255
                },
                "LeafColor": {
                    "r": 118,
                    "g": 127,
                    "b": 87,
                    "a": 255
                },
                "StemColor": {
                    "r": 82,
                    "g": 98,
                    "b": 65,
                    "a": 255
                }
            }
        },
        {
            "DataType": "WeedProductData",
            "DataVersion": 0,
            "GameVersion": "0.4.0f5",
            "Name": "Ultra Shart",
            "ID": "ultrashart",
            "DrugType": 0,
            "Properties": [
                "paranoia",
                "refreshing",
                "gingeritis",
                "sneaky",
                "sedating"
            ],
            "AppearanceSettings": {
                "MainColor": {
                    "r": 106,
                    "g": 99,
                    "b": 78,
                    "a": 255
                },
                "SecondaryColor": {
                    "r": 133,
                    "g": 131,
                    "b": 92,
                    "a": 255
                },
                "LeafColor": {
                    "r": 119,
                    "g": 115,
                    "b": 85,
                    "a": 255
                },
                "StemColor": {
                    "r": 84,
                    "g": 79,
                    "b": 62,
                    "a": 255
                }
            }
        },
        {
            "DataType": "WeedProductData",
            "DataVersion": 0,
            "GameVersion": "0.4.0f5",
            "Name": "Ultra Punch",
            "ID": "ultrapunch",
            "DrugType": 0,
            "Properties": [
                "smelly",
                "calming",
                "refreshing",
                "toxic",
                "sedating",
                "tropicthunder"
            ],
            "AppearanceSettings": {
                "MainColor": {
                    "r": 114,
                    "g": 116,
                    "b": 82,
                    "a": 255
                },
                "SecondaryColor": {
                    "r": 139,
                    "g": 142,
                    "b": 94,
                    "a": 255
                },
                "LeafColor": {
                    "r": 126,
                    "g": 129,
                    "b": 88,
                    "a": 255
                },
                "StemColor": {
                    "r": 91,
                    "g": 92,
                    "b": 65,
                    "a": 255
                }
            }
        },
        {
            "DataType": "WeedProductData",
            "DataVersion": 0,
            "GameVersion": "0.4.0f5",
            "Name": "Ultra Cock",
            "ID": "ultracock",
            "DrugType": 0,
            "Properties": [
                "smelly",
                "refreshing",
                "gingeritis",
                "sneaky",
                "sedating",
                "tropicthunder",
                "antigravity"
            ],
            "AppearanceSettings": {
                "MainColor": {
                    "r": 103,
                    "g": 123,
                    "b": 82,
                    "a": 255
                },
                "SecondaryColor": {
                    "r": 126,
                    "g": 140,
                    "b": 84,
                    "a": 255
                },
                "LeafColor": {
                    "r": 114,
                    "g": 131,
                    "b": 83,
                    "a": 255
                },
                "StemColor": {
                    "r": 82,
                    "g": 98,
                    "b": 65,
                    "a": 255
                }
            }
        },
        {
            "DataType": "WeedProductData",
            "DataVersion": 0,
            "GameVersion": "0.4.0f5",
            "Name": "Nightmare Cake",
            "ID": "nightmarecake",
            "DrugType": 0,
            "Properties": [
                "paranoia",
                "smelly",
                "refreshing",
                "energizing",
                "sedating",
                "thoughtprovoking",
                "tropicthunder",
                "antigravity"
            ],
            "AppearanceSettings": {
                "MainColor": {
                    "r": 95,
                    "g": 113,
                    "b": 66,
                    "a": 255
                },
                "SecondaryColor": {
                    "r": 126,
                    "g": 140,
                    "b": 84,
                    "a": 255
                },
                "LeafColor": {
                    "r": 110,
                    "g": 126,
                    "b": 75,
                    "a": 255
                },
                "StemColor": {
                    "r": 76,
                    "g": 90,
                    "b": 52,
                    "a": 255
                }
            }
        },
        {
            "DataType": "WeedProductData",
            "DataVersion": 0,
            "GameVersion": "0.4.0f5",
            "Name": "Granddaddy Stink",
            "ID": "granddaddystink",
            "DrugType": 0,
            "Properties": [
                "paranoia",
                "smelly",
                "refreshing",
                "gingeritis",
                "energizing",
                "sedating",
                "tropicthunder",
                "antigravity"
            ],
            "AppearanceSettings": {
                "MainColor": {
                    "r": 106,
                    "g": 99,
                    "b": 78,
                    "a": 255
                },
                "SecondaryColor": {
                    "r": 128,
                    "g": 124,
                    "b": 81,
                    "a": 255
                },
                "LeafColor": {
                    "r": 117,
                    "g": 111,
                    "b": 79,
                    "a": 255
                },
                "StemColor": {
                    "r": 84,
                    "g": 79,
                    "b": 62,
                    "a": 255
                }
            }
        }
    ],
    "CreatedMeth": [],
    "CreatedCocaine": [],
    "ContractReceipts": [
        {
            "ReceiptId": -1002845448,
            "CompletedBy": 1,
            "CustomerId": "kyle_cooley",
            "CompletionTime": {
                "elapsedDays": 11,
                "time": 1204
            },
            "Items": [
                {
                    "String": "ogkush",
                    "Int": 1
                },
                {
                    "String": "ogkush",
                    "Int": 1
                },
                {
                    "String": "ogkush",
                    "Int": 1
                },
                {
                    "String": "ogkush",
                    "Int": 1
                }
            ],
            "AmountPaid": 280.5
        },
        {
            "ReceiptId": 1131176436,
            "CompletedBy": 1,
            "CustomerId": "peter_file",
            "CompletionTime": {
                "elapsedDays": 11,
                "time": 1310
            },
            "Items": [
                {
                    "String": "sourdiesel",
                    "Int": 1
                }
            ],
            "AmountPaid": 75.0
        },
        {
            "ReceiptId": 2112704511,
            "CompletedBy": 1,
            "CustomerId": "kathy_henderson",
            "CompletionTime": {
                "elapsedDays": 11,
                "time": 1843
            },
            "Items": [
                {
                    "String": "ogkush",
                    "Int": 1
                },
                {
                    "String": "ogkush",
                    "Int": 1
                },
                {
                    "String": "ogkush",
                    "Int": 1
                },
                {
                    "String": "ogkush",
                    "Int": 1
                }
            ],
            "AmountPaid": 264.0
        },
        {
            "ReceiptId": 1993630578,
            "CompletedBy": 0,
            "CustomerId": "peggy_myers",
            "CompletionTime": {
                "elapsedDays": 11,
                "time": 1844
            },
            "Items": [
                {
                    "String": "ogkush",
                    "Int": 3
                }
            ],
            "AmountPaid": 220.0
        },
        {
            "ReceiptId": 398466108,
            "CompletedBy": 0,
            "CustomerId": "geraldine_poon",
            "CompletionTime": {
                "elapsedDays": 11,
                "time": 1912
            },
            "Items": [
                {
                    "String": "sourdiesel",
                    "Int": 3
                }
            ],
            "AmountPaid": 320.0
        },
        {
            "ReceiptId": 200761591,
            "CompletedBy": 0,
            "CustomerId": "ludwig_meyer",
            "CompletionTime": {
                "elapsedDays": 11,
                "time": 1927
            },
            "Items": [
                {
                    "String": "sourdiesel",
                    "Int": 2
                }
            ],
            "AmountPaid": 175.0
        },
        {
            "ReceiptId": 1287037248,
            "CompletedBy": 1,
            "CustomerId": "ming",
            "CompletionTime": {
                "elapsedDays": 11,
                "time": 2026
            },
            "Items": [
                {
                    "String": "ogkush",
                    "Int": 1
                },
                {
                    "String": "ogkush",
                    "Int": 1
                },
                {
                    "String": "ogkush",
                    "Int": 1
                }
            ],
            "AmountPaid": 175.0
        },
        {
            "ReceiptId": -1532855512,
            "CompletedBy": 1,
            "CustomerId": "donna_martin",
            "CompletionTime": {
                "elapsedDays": 11,
                "time": 2138
            },
            "Items": [
                {
                    "String": "ogkush",
                    "Int": 1
                },
                {
                    "String": "ogkush",
                    "Int": 1
                },
                {
                    "String": "ogkush",
                    "Int": 1
                }
            ],
            "AmountPaid": 216.0
        },
        {
            "ReceiptId": 197287835,
            "CompletedBy": 1,
            "CustomerId": "jessi_waters",
            "CompletionTime": {
                "elapsedDays": 12,
                "time": 12
            },
            "Items": [
                {
                    "String": "ogkush",
                    "Int": 1
                },
                {
                    "String": "ogkush",
                    "Int": 1
                },
                {
                    "String": "ogkush",
                    "Int": 1
                },
                {
                    "String": "ogkush",
                    "Int": 1
                }
            ],
            "AmountPaid": 258.0
        },
        {
            "ReceiptId": -278426174,
            "CompletedBy": 1,
            "CustomerId": "austin_steiner",
            "CompletionTime": {
                "elapsedDays": 12,
                "time": 910
            },
            "Items": [
                {
                    "String": "ogkush",
                    "Int": 1
                },
                {
                    "String": "ogkush",
                    "Int": 1
                },
                {
                    "String": "ogkush",
                    "Int": 1
                },
                {
                    "String": "ogkush",
                    "Int": 1
                }
            ],
            "AmountPaid": 240.0
        },
        {
            "ReceiptId": 1574705020,
            "CompletedBy": 1,
            "CustomerId": "kyle_cooley",
            "CompletionTime": {
                "elapsedDays": 12,
                "time": 1158
            },
            "Items": [
                {
                    "String": "ogkush",
                    "Int": 1
                },
                {
                    "String": "ogkush",
                    "Int": 1
                },
                {
                    "String": "ogkush",
                    "Int": 1
                },
                {
                    "String": "ogkush",
                    "Int": 1
                }
            ],
            "AmountPaid": 352.0
        },
        {
            "ReceiptId": 600230214,
            "CompletedBy": 0,
            "CustomerId": "joyce_ball",
            "CompletionTime": {
                "elapsedDays": 12,
                "time": 1518
            },
            "Items": [
                {
                    "String": "ogkush",
                    "Int": 2
                },
                {
                    "String": "ogkush",
                    "Int": 1
                }
            ],
            "AmountPaid": 210.0
        },
        {
            "ReceiptId": -1079976152,
            "CompletedBy": 0,
            "CustomerId": "geraldine_poon",
            "CompletionTime": {
                "elapsedDays": 12,
                "time": 1854
            },
            "Items": [
                {
                    "String": "sourdiesel",
                    "Int": 3
                }
            ],
            "AmountPaid": 352.0
        },
        {
            "ReceiptId": 1042919523,
            "CompletedBy": 0,
            "CustomerId": "peggy_myers",
            "CompletionTime": {
                "elapsedDays": 13,
                "time": 902
            },
            "Items": [
                {
                    "String": "sourdiesel",
                    "Int": 1
                }
            ],
            "AmountPaid": 40.0
        },
        {
            "ReceiptId": 1167589426,
            "CompletedBy": 0,
            "CustomerId": "ming",
            "CompletionTime": {
                "elapsedDays": 13,
                "time": 936
            },
            "Items": [
                {
                    "String": "banan",
                    "Int": 1
                }
            ],
            "AmountPaid": 47.0
        },
        {
            "ReceiptId": 840710143,
            "CompletedBy": 1,
            "CustomerId": "donna_martin",
            "CompletionTime": {
                "elapsedDays": 13,
                "time": 2112
            },
            "Items": [
                {
                    "String": "ogkush",
                    "Int": 1
                },
                {
                    "String": "ogkush",
                    "Int": 1
                },
                {
                    "String": "ogkush",
                    "Int": 1
                },
                {
                    "String": "ogkush",
                    "Int": 1
                }
            ],
            "AmountPaid": 288.0
        },
        {
            "ReceiptId": 682031426,
            "CompletedBy": 1,
            "CustomerId": "jessi_waters",
            "CompletionTime": {
                "elapsedDays": 13,
                "time": 2351
            },
            "Items": [
                {
                    "String": "greencrack",
                    "Int": 1
                },
                {
                    "String": "greencrack",
                    "Int": 1
                },
                {
                    "String": "greencrack",
                    "Int": 1
                },
                {
                    "String": "greencrack",
                    "Int": 1
                }
            ],
            "AmountPaid": 360.0
        },
        {
            "ReceiptId": 1167373625,
            "CompletedBy": 1,
            "CustomerId": "austin_steiner",
            "CompletionTime": {
                "elapsedDays": 14,
                "time": 935
            },
            "Items": [
                {
                    "String": "ogkush",
                    "Int": 1
                },
                {
                    "String": "ogkush",
                    "Int": 1
                },
                {
                    "String": "ogkush",
                    "Int": 1
                },
                {
                    "String": "ogkush",
                    "Int": 1
                }
            ],
            "AmountPaid": 240.0
        },
        {
            "ReceiptId": -833688974,
            "CompletedBy": 1,
            "CustomerId": "kyle_cooley",
            "CompletionTime": {
                "elapsedDays": 14,
                "time": 1213
            },
            "Items": [
                {
                    "String": "ogkush",
                    "Int": 1
                }
            ],
            "AmountPaid": 352.0
        },
        {
            "ReceiptId": 1015362690,
            "CompletedBy": 1,
            "CustomerId": "peter_file",
            "CompletionTime": {
                "elapsedDays": 14,
                "time": 1302
            },
            "Items": [
                {
                    "String": "ogkush",
                    "Int": 1
                },
                {
                    "String": "ogkush",
                    "Int": 1
                },
                {
                    "String": "ogkush",
                    "Int": 1
                },
                {
                    "String": "ogkush",
                    "Int": 1
                }
            ],
            "AmountPaid": 240.0
        },
        {
            "ReceiptId": -1336833265,
            "CompletedBy": 1,
            "CustomerId": "kathy_henderson",
            "CompletionTime": {
                "elapsedDays": 14,
                "time": 1811
            },
            "Items": [
                {
                    "String": "ogkush",
                    "Int": 1
                },
                {
                    "String": "ogkush",
                    "Int": 1
                },
                {
                    "String": "ogkush",
                    "Int": 1
                },
                {
                    "String": "ogkush",
                    "Int": 1
                }
            ],
            "AmountPaid": 264.0
        },
        {
            "ReceiptId": 947880104,
            "CompletedBy": 1,
            "CustomerId": "donna_martin",
            "CompletionTime": {
                "elapsedDays": 14,
                "time": 2056
            },
            "Items": [
                {
                    "String": "ogkush",
                    "Int": 1
                },
                {
                    "String": "ogkush",
                    "Int": 1
                }
            ],
            "AmountPaid": 120.0
        },
        {
            "ReceiptId": -1927958721,
            "CompletedBy": 0,
            "CustomerId": "peggy_myers",
            "CompletionTime": {
                "elapsedDays": 15,
                "time": 40
            },
            "Items": [
                {
                    "String": "sourdiesel",
                    "Int": 3
                }
            ],
            "AmountPaid": 300.0
        },
        {
            "ReceiptId": 1101891083,
            "CompletedBy": 0,
            "CustomerId": "ludwig_meyer",
            "CompletionTime": {
                "elapsedDays": 15,
                "time": 57
            },
            "Items": [
                {
                    "String": "sourdiesel",
                    "Int": 2
                }
            ],
            "AmountPaid": 210.0
        },
        {
            "ReceiptId": 429370997,
            "CompletedBy": 0,
            "CustomerId": "geraldine_poon",
            "CompletionTime": {
                "elapsedDays": 15,
                "time": 105
            },
            "Items": [
                {
                    "String": "greencrack",
                    "Int": 4
                }
            ],
            "AmountPaid": 396.0
        },
        {
            "ReceiptId": -1990315677,
            "CompletedBy": 0,
            "CustomerId": "joyce_ball",
            "CompletionTime": {
                "elapsedDays": 15,
                "time": 127
            },
            "Items": [
                {
                    "String": "greencrack",
                    "Int": 2
                }
            ],
            "AmountPaid": 210.0
        },
        {
            "ReceiptId": 1785548014,
            "CompletedBy": 1,
            "CustomerId": "jessi_waters",
            "CompletionTime": {
                "elapsedDays": 15,
                "time": 2353
            },
            "Items": [
                {
                    "String": "ogkush",
                    "Int": 1
                },
                {
                    "String": "ogkush",
                    "Int": 1
                }
            ],
            "AmountPaid": 396.0
        },
        {
            "ReceiptId": 635283400,
            "CompletedBy": 0,
            "CustomerId": "peggy_myers",
            "CompletionTime": {
                "elapsedDays": 16,
                "time": 119
            },
            "Items": [
                {
                    "String": "weddingass",
                    "Int": 2
                }
            ],
            "AmountPaid": 312.0
        },
        {
            "ReceiptId": 443815680,
            "CompletedBy": 0,
            "CustomerId": "ludwig_meyer",
            "CompletionTime": {
                "elapsedDays": 16,
                "time": 130
            },
            "Items": [
                {
                    "String": "greencrack",
                    "Int": 2
                }
            ],
            "AmountPaid": 240.0
        },
        {
            "ReceiptId": 1267912951,
            "CompletedBy": 1,
            "CustomerId": "austin_steiner",
            "CompletionTime": {
                "elapsedDays": 16,
                "time": 851
            },
            "Items": [
                {
                    "String": "ogkush",
                    "Int": 1
                },
                {
                    "String": "ogkush",
                    "Int": 1
                },
                {
                    "String": "ogkush",
                    "Int": 1
                },
                {
                    "String": "ogkush",
                    "Int": 1
                }
            ],
            "AmountPaid": 240.0
        },
        {
            "ReceiptId": -2139160635,
            "CompletedBy": 1,
            "CustomerId": "kyle_cooley",
            "CompletionTime": {
                "elapsedDays": 16,
                "time": 1150
            },
            "Items": [
                {
                    "String": "ogkush",
                    "Int": 1
                }
            ],
            "AmountPaid": 352.0
        },
        {
            "ReceiptId": 1631859773,
            "CompletedBy": 1,
            "CustomerId": "peter_file",
            "CompletionTime": {
                "elapsedDays": 16,
                "time": 1230
            },
            "Items": [
                {
                    "String": "ogkush",
                    "Int": 1
                },
                {
                    "String": "ogkush",
                    "Int": 1
                },
                {
                    "String": "ogkush",
                    "Int": 1
                },
                {
                    "String": "ogkush",
                    "Int": 1
                }
            ],
            "AmountPaid": 264.0
        },
        {
            "ReceiptId": 1031050948,
            "CompletedBy": 1,
            "CustomerId": "kathy_henderson",
            "CompletionTime": {
                "elapsedDays": 16,
                "time": 1825
            },
            "Items": [
                {
                    "String": "ogkush",
                    "Int": 1
                },
                {
                    "String": "ogkush",
                    "Int": 1
                },
                {
                    "String": "ogkush",
                    "Int": 1
                },
                {
                    "String": "ogkush",
                    "Int": 1
                }
            ],
            "AmountPaid": 264.0
        },
        {
            "ReceiptId": -1761997071,
            "CompletedBy": 1,
            "CustomerId": "donna_martin",
            "CompletionTime": {
                "elapsedDays": 16,
                "time": 2025
            },
            "Items": [
                {
                    "String": "ogkush",
                    "Int": 1
                },
                {
                    "String": "ogkush",
                    "Int": 1
                },
                {
                    "String": "ogkush",
                    "Int": 1
                }
            ],
            "AmountPaid": 180.0
        },
        {
            "ReceiptId": -683797971,
            "CompletedBy": 0,
            "CustomerId": "peggy_myers",
            "CompletionTime": {
                "elapsedDays": 17,
                "time": 126
            },
            "Items": [
                {
                    "String": "greencrack",
                    "Int": 3
                }
            ],
            "AmountPaid": 360.0
        },
        {
            "ReceiptId": 878422720,
            "CompletedBy": 0,
            "CustomerId": "joyce_ball",
            "CompletionTime": {
                "elapsedDays": 18,
                "time": 214
            },
            "Items": [
                {
                    "String": "granddaddypurple",
                    "Int": 1
                }
            ],
            "AmountPaid": 114.0
        },
        {
            "ReceiptId": 700073275,
            "CompletedBy": 0,
            "CustomerId": "geraldine_poon",
            "CompletionTime": {
                "elapsedDays": 18,
                "time": 301
            },
            "Items": [
                {
                    "String": "granddaddypurple",
                    "Int": 4
                }
            ],
            "AmountPaid": 456.0
        },
        {
            "ReceiptId": -643948142,
            "CompletedBy": 0,
            "CustomerId": "peggy_myers",
            "CompletionTime": {
                "elapsedDays": 18,
                "time": 322
            },
            "Items": [
                {
                    "String": "weddingass",
                    "Int": 2
                }
            ],
            "AmountPaid": 312.0
        },
        {
            "ReceiptId": 575836318,
            "CompletedBy": 0,
            "CustomerId": "ludwig_meyer",
            "CompletionTime": {
                "elapsedDays": 18,
                "time": 337
            },
            "Items": [
                {
                    "String": "greencrack",
                    "Int": 2
                }
            ],
            "AmountPaid": 240.0
        },
        {
            "ReceiptId": 2056963678,
            "CompletedBy": 0,
            "CustomerId": "keith_wagner",
            "CompletionTime": {
                "elapsedDays": 18,
                "time": 1508
            },
            "Items": [
                {
                    "String": "sweetghost",
                    "Int": 1
                }
            ],
            "AmountPaid": 71.0
        },
        {
            "ReceiptId": 1457163102,
            "CompletedBy": 0,
            "CustomerId": "jessi_waters",
            "CompletionTime": {
                "elapsedDays": 21,
                "time": 1126
            },
            "Items": [
                {
                    "String": "biggold",
                    "Int": 1
                }
            ],
            "AmountPaid": 52.0
        },
        {
            "ReceiptId": -1712474288,
            "CompletedBy": 0,
            "CustomerId": "keith_wagner",
            "CompletionTime": {
                "elapsedDays": 21,
                "time": 2331
            },
            "Items": [
                {
                    "String": "sweetghost",
                    "Int": 1
                }
            ],
            "AmountPaid": 71.0
        },
        {
            "ReceiptId": 1904216091,
            "CompletedBy": 0,
            "CustomerId": "trent_sherman",
            "CompletionTime": {
                "elapsedDays": 22,
                "time": 123
            },
            "Items": [
                {
                    "String": "sweetghost",
                    "Int": 2
                }
            ],
            "AmountPaid": 216.0
        },
        {
            "ReceiptId": 2012969443,
            "CompletedBy": 0,
            "CustomerId": "jerry_montero",
            "CompletionTime": {
                "elapsedDays": 22,
                "time": 235
            },
            "Items": [
                {
                    "String": "thickdiesel",
                    "Int": 1
                }
            ],
            "AmountPaid": 80.0
        },
        {
            "ReceiptId": 582357613,
            "CompletedBy": 1,
            "CustomerId": "austin_steiner",
            "CompletionTime": {
                "elapsedDays": 22,
                "time": 1021
            },
            "Items": [
                {
                    "String": "banan",
                    "Int": 1
                },
                {
                    "String": "banan",
                    "Int": 1
                },
                {
                    "String": "banan",
                    "Int": 1
                },
                {
                    "String": "banan",
                    "Int": 1
                }
            ],
            "AmountPaid": 230.0
        },
        {
            "ReceiptId": -462372313,
            "CompletedBy": 1,
            "CustomerId": "kyle_cooley",
            "CompletionTime": {
                "elapsedDays": 22,
                "time": 1155
            },
            "Items": [
                {
                    "String": "banan",
                    "Int": 1
                }
            ],
            "AmountPaid": 60.5
        },
        {
            "ReceiptId": 1479904039,
            "CompletedBy": 1,
            "CustomerId": "peter_file",
            "CompletionTime": {
                "elapsedDays": 22,
                "time": 1230
            },
            "Items": [],
            "AmountPaid": 66.0
        },
        {
            "ReceiptId": -2109471554,
            "CompletedBy": 0,
            "CustomerId": "meg_cooley",
            "CompletionTime": {
                "elapsedDays": 22,
                "time": 1231
            },
            "Items": [
                {
                    "String": "sweetghost",
                    "Int": 1
                }
            ],
            "AmountPaid": 143.0
        },
        {
            "ReceiptId": -410497502,
            "CompletedBy": 0,
            "CustomerId": "joyce_ball",
            "CompletionTime": {
                "elapsedDays": 22,
                "time": 1252
            },
            "Items": [
                {
                    "String": "sweetghost",
                    "Int": 1
                }
            ],
            "AmountPaid": 132.0
        },
        {
            "ReceiptId": -1930583400,
            "CompletedBy": 0,
            "CustomerId": "doris_lubbin",
            "CompletionTime": {
                "elapsedDays": 22,
                "time": 1317
            },
            "Items": [
                {
                    "String": "sweetghost",
                    "Int": 2
                }
            ],
            "AmountPaid": 240.0
        }
    ]
}