{
    "DataType": "ShopManagerData",
    "DataVersion": 0,
    "GameVersion": "0.4.0f5",
    "Shops": [
        {
            "DataType": "ShopData",
            "DataVersion": 0,
            "GameVersion": "0.4.0f5",
            "ShopCode": "gas_mart_west",
            "ItemStockQuantities": [
                {
                    "String": "spraypaint",
                    "Int": 16
                }
            ]
        },
        {
            "DataType": "ShopData",
            "DataVersion": 0,
            "GameVersion": "0.4.0f5",
            "ShopCode": "gas_mart_central",
            "ItemStockQuantities": [
                {
                    "String": "spraypaint",
                    "Int": 16
                }
            ]
        }
    ]
}