{
    "DataType": "VariableCollectionData",
    "DataVersion": 0,
    "GameVersion": "0.4.0f5",
    "Variables": [
        {
            "DataType": "VariableData",
            "DataVersion": 0,
            "GameVersion": "0.4.0f5",
            "Name": "Completed_Contracts_Count",
            "Value": "156"
        },
        {
            "DataType": "VariableData",
            "DataVersion": 0,
            "GameVersion": "0.4.0f5",
            "Name": "Days_Since_Tutorial_Completed",
            "Value": "0"
        },
        {
            "DataType": "VariableData",
            "DataVersion": 0,
            "GameVersion": "0.4.0f5",
            "Name": "Loan_Sharks_Arrived",
            "Value": "False"
        },
        {
            "DataType": "VariableData",
            "DataVersion": 0,
            "GameVersion": "0.4.0f5",
            "Name": "Hours_Since_LoanSharks_Arrived",
            "Value": "0"
        },
        {
            "DataType": "VariableData",
            "DataVersion": 0,
            "GameVersion": "0.4.0f5",
            "Name": "Hours_Since_Cartel_Handover",
            "Value": "0"
        },
        {
            "DataType": "VariableData",
            "DataVersion": 0,
            "GameVersion": "0.4.0f5",
            "Name": "Hours_Until_CartelContract_Due",
            "Value": "168"
        },
        {
            "DataType": "VariableData",
            "DataVersion": 0,
            "GameVersion": "0.4.0f5",
            "Name": "Mins_Since_First_Plants_Done",
            "Value": "0"
        },
        {
            "DataType": "VariableData",
            "DataVersion": 0,
            "GameVersion": "0.4.0f5",
            "Name": "HarvestedPlantCount",
            "Value": "107"
        },
        {
            "DataType": "VariableData",
            "DataVersion": 0,
            "GameVersion": "0.4.0f5",
            "Name": "PackagedProductCount",
            "Value": "305"
        },
        {
            "DataType": "VariableData",
            "DataVersion": 0,
            "GameVersion": "0.4.0f5",
            "Name": "SownSeedsCount",
            "Value": "77"
        },
        {
            "DataType": "VariableData",
            "DataVersion": 0,
            "GameVersion": "0.4.0f5",
            "Name": "WateredPotsCount",
            "Value": "102"
        },
        {
            "DataType": "VariableData",
            "DataVersion": 0,
            "GameVersion": "0.4.0f5",
            "Name": "SuccessfulSampleCount",
            "Value": "14"
        },
        {
            "DataType": "VariableData",
            "DataVersion": 0,
            "GameVersion": "0.4.0f5",
            "Name": "Deaddrops_Ordered",
            "Value": "6"
        },
        {
            "DataType": "VariableData",
            "DataVersion": 0,
            "GameVersion": "0.4.0f5",
            "Name": "ListedProductsCount",
            "Value": "0"
        },
        {
            "DataType": "VariableData",
            "DataVersion": 0,
            "GameVersion": "0.4.0f5",
            "Name": "Benji_CompletedDealCount",
            "Value": "46"
        },
        {
            "DataType": "VariableData",
            "DataVersion": 0,
            "GameVersion": "0.4.0f5",
            "Name": "ContainedTrashItems",
            "Value": "254"
        },
        {
            "DataType": "VariableData",
            "DataVersion": 0,
            "GameVersion": "0.4.0f5",
            "Name": "TrashContainersBagged",
            "Value": "13"
        },
        {
            "DataType": "VariableData",
            "DataVersion": 0,
            "GameVersion": "0.4.0f5",
            "Name": "Mixing_Operations_Started",
            "Value": "62"
        },
        {
            "DataType": "VariableData",
            "DataVersion": 0,
            "GameVersion": "0.4.0f5",
            "Name": "Mixing_Operations_Completed",
            "Value": "106"
        },
        {
            "DataType": "VariableData",
            "DataVersion": 0,
            "GameVersion": "0.4.0f5",
            "Name": "Chemical_Operations_Started",
            "Value": "0"
        },
        {
            "DataType": "VariableData",
            "DataVersion": 0,
            "GameVersion": "0.4.0f5",
            "Name": "Chemical_Operations_Completed",
            "Value": "0"
        },
        {
            "DataType": "VariableData",
            "DataVersion": 0,
            "GameVersion": "0.4.0f5",
            "Name": "Oven_Cooks_Completed",
            "Value": "0"
        },
        {
            "DataType": "VariableData",
            "DataVersion": 0,
            "GameVersion": "0.4.0f5",
            "Name": "Mixing_Operations_Collected",
            "Value": "111"
        },
        {
            "DataType": "VariableData",
            "DataVersion": 0,
            "GameVersion": "0.4.0f5",
            "Name": "SampleRejectionCount",
            "Value": "3"
        },
        {
            "DataType": "VariableData",
            "DataVersion": 0,
            "GameVersion": "0.4.0f5",
            "Name": "SecondUniqueProductDiscovered",
            "Value": "True"
        },
        {
            "DataType": "VariableData",
            "DataVersion": 0,
            "GameVersion": "0.4.0f5",
            "Name": "RunGameHighScore",
            "Value": "0"
        },
        {
            "DataType": "VariableData",
            "DataVersion": 0,
            "GameVersion": "0.4.0f5",
            "Name": "RayIntroSent",
            "Value": "False"
        },
        {
            "DataType": "VariableData",
            "DataVersion": 0,
            "GameVersion": "0.4.0f5",
            "Name": "LaunderingOperationsStarted",
            "Value": "6"
        },
        {
            "DataType": "VariableData",
            "DataVersion": 0,
            "GameVersion": "0.4.0f5",
            "Name": "LaunderingOperationsCompleted",
            "Value": "7"
        },
        {
            "DataType": "VariableData",
            "DataVersion": 0,
            "GameVersion": "0.4.0f5",
            "Name": "WarehouseUnlocked",
            "Value": "True"
        },
        {
            "DataType": "VariableData",
            "DataVersion": 0,
            "GameVersion": "0.4.0f5",
            "Name": "ShirleyDeaddropOrders",
            "Value": "0"
        },
        {
            "DataType": "VariableData",
            "DataVersion": 0,
            "GameVersion": "0.4.0f5",
            "Name": "ClipboardAcquired",
            "Value": "False"
        },
        {
            "DataType": "VariableData",
            "DataVersion": 0,
            "GameVersion": "0.4.0f5",
            "Name": "LifetimeEmployeesRecruited",
            "Value": "0"
        },
        {
            "DataType": "VariableData",
            "DataVersion": 0,
            "GameVersion": "0.4.0f5",
            "Name": "SprayPaintsPurchased",
            "Value": "0"
        },
        {
            "DataType": "VariableData",
            "DataVersion": 0,
            "GameVersion": "0.4.0f5",
            "Name": "chemistrystation_acquired",
            "Value": "0"
        },
        {
            "DataType": "VariableData",
            "DataVersion": 0,
            "GameVersion": "0.4.0f5",
            "Name": "laboven_acquired",
            "Value": "0"
        },
        {
            "DataType": "VariableData",
            "DataVersion": 0,
            "GameVersion": "0.4.0f5",
            "Name": "acid_acquired",
            "Value": "1"
        },
        {
            "DataType": "VariableData",
            "DataVersion": 0,
            "GameVersion": "0.4.0f5",
            "Name": "phosphorus_acquired",
            "Value": "1"
        }
    ]
}