{
    "DataType": "WorldStorageEntitiesData",
    "DataVersion": 0,
    "GameVersion": "0.4.0f5",
    "Entities": [
        {
            "DataType": "WorldStorageEntityData",
            "DataVersion": 0,
            "GameVersion": "0.4.0f5",
            "GUID": "5eec8f1e-7a2e-4869-b490-f793b6975738",
            "Contents": {
                "Items": [
                    "{\"DataType\":\"ItemData\",\"DataVersion\":0,\"GameVersion\":\"0.4.0f5\",\"ID\":\"\",\"Quantity\":0}",
                    "{\"DataType\":\"ItemData\",\"DataVersion\":0,\"GameVersion\":\"0.4.0f5\",\"ID\":\"baggie\",\"Quantity\":5}",
                    "{\"DataType\":\"ItemData\",\"DataVersion\":0,\"GameVersion\":\"0.4.0f5\",\"ID\":\"\",\"Quantity\":0}",
                    "{\"DataType\":\"ItemData\",\"DataVersion\":0,\"GameVersion\":\"0.4.0f5\",\"ID\":\"\",\"Quantity\":0}",
                    "{\"DataType\":\"ItemData\",\"DataVersion\":0,\"GameVersion\":\"0.4.0f5\",\"ID\":\"\",\"Quantity\":0}"
                ],
                "SlotFilters": [
                    {
                        "Type": 0,
                        "ItemIDs": [],
                        "AllowedQualities": [
                            0,
                            1,
                            2,
                            3,
                            4
                        ]
                    },
                    {
                        "Type": 0,
                        "ItemIDs": [],
                        "AllowedQualities": [
                            0,
                            1,
                            2,
                            3,
                            4
                        ]
                    },
                    {
                        "Type": 0,
                        "ItemIDs": [],
                        "AllowedQualities": [
                            0,
                            1,
                            2,
                            3,
                            4
                        ]
                    },
                    {
                        "Type": 0,
                        "ItemIDs": [],
                        "AllowedQualities": [
                            0,
                            1,
                            2,
                            3,
                            4
                        ]
                    },
                    {
                        "Type": 0,
                        "ItemIDs": [],
                        "AllowedQualities": [
                            0,
                            1,
                            2,
                            3,
                            4
                        ]
                    }
                ]
            },
            "LastContentChangeTime": {
                "elapsedDays": 30,
                "time": 710
            }
        },
        {
            "DataType": "WorldStorageEntityData",
            "DataVersion": 0,
            "GameVersion": "0.4.0f5",
            "GUID": "35c1574a-d7db-4712-9745-4e219d9918e6",
            "Contents": {
                "Items": [
                    "{\"DataType\":\"ItemData\",\"DataVersion\":0,\"GameVersion\":\"0.4.0f5\",\"ID\":\"\",\"Quantity\":0}",
                    "{\"DataType\":\"WeedData\",\"DataVersion\":0,\"GameVersion\":\"0.4.0f5\",\"ID\":\"sourdiesel\",\"Quantity\":1,\"Quality\":\"Premium\",\"PackagingID\":\"\"}",
                    "{\"DataType\":\"ItemData\",\"DataVersion\":0,\"GameVersion\":\"0.4.0f5\",\"ID\":\"\",\"Quantity\":0}",
                    "{\"DataType\":\"ItemData\",\"DataVersion\":0,\"GameVersion\":\"0.4.0f5\",\"ID\":\"\",\"Quantity\":0}",
                    "{\"DataType\":\"ItemData\",\"DataVersion\":0,\"GameVersion\":\"0.4.0f5\",\"ID\":\"\",\"Quantity\":0}"
                ],
                "SlotFilters": [
                    {
                        "Type": 0,
                        "ItemIDs": [],
                        "AllowedQualities": [
                            0,
                            1,
                            2,
                            3,
                            4
                        ]
                    },
                    {
                        "Type": 0,
                        "ItemIDs": [],
                        "AllowedQualities": [
                            0,
                            1,
                            2,
                            3,
                            4
                        ]
                    },
                    {
                        "Type": 0,
                        "ItemIDs": [],
                        "AllowedQualities": [
                            0,
                            1,
                            2,
                            3,
                            4
                        ]
                    },
                    {
                        "Type": 0,
                        "ItemIDs": [],
                        "AllowedQualities": [
                            0,
                            1,
                            2,
                            3,
                            4
                        ]
                    },
                    {
                        "Type": 0,
                        "ItemIDs": [],
                        "AllowedQualities": [
                            0,
                            1,
                            2,
                            3,
                            4
                        ]
                    }
                ]
            },
            "LastContentChangeTime": {
                "elapsedDays": 30,
                "time": 710
            }
        }
    ]
}