{
    "Gender": 0,
    "Weight": 0.20735187828540803,
    "SkinColor": {
        "r": 0.9647058844566345,
        "g": 0.8705882430076599,
        "b": 0.7921568751335144,
        "a": 1.0
    },
    "HairStyle": "Avatar/Hair/MessyBob/MessyBob",
    "HairColor": {
        "r": 0.9150943160057068,
        "g": 0.6565744280815125,
        "b": 0.2460394948720932,
        "a": 1.0
    },
    "Mouth": "Avatar/Layers/Face/Face_Agitated",
    "FacialHair": "Avatar/Layers/Face/FacialHair_Goatee",
    "FacialDetails": "",
    "FacialDetailsIntensity": 1.0,
    "EyeballColor": {
        "r": 1.0,
        "g": 1.0,
        "b": 1.0,
        "a": 1.0
    },
    "UpperEyeLidRestingPosition": 0.37756937742233279,
    "LowerEyeLidRestingPosition": 0.05528879538178444,
    "PupilDilation": 0.0,
    "EyebrowScale": 1.7000000476837159,
    "EyebrowThickness": 2.5,
    "EyebrowRestingHeight": -0.44651156663894656,
    "EyebrowRestingAngle": 2.9887475967407228,
    "Top": "Avatar/Layers/Top/V-Neck",
    "TopColor": {
        "r": 1.0,
        "g": 1.0,
        "b": 1.0,
        "a": 1.0
    },
    "Bottom": "Avatar/Layers/Bottom/Jorts",
    "BottomColor": {
        "r": 0.32551616430282595,
        "g": 0.5783624649047852,
        "b": 0.8962264060974121,
        "a": 1.0
    },
    "Shoes": "Avatar/Accessories/Feet/Sandals/Sandals",
    "ShoesColor": {
        "r": 1.0,
        "g": 1.0,
        "b": 1.0,
        "a": 1.0
    },
    "Headwear": "",
    "HeadwearColor": {
        "r": 1.0,
        "g": 1.0,
        "b": 1.0,
        "a": 1.0
    },
    "Eyewear": "",
    "EyewearColor": {
        "r": 0.0,
        "g": 0.0,
        "b": 0.0,
        "a": 0.0
    },
    "Tattoos": []
}