{
    "DataType": "PropertyData",
    "DataVersion": 0,
    "GameVersion": "0.4.0f5",
    "PropertyCode": "bungalow",
    "IsOwned": true,
    "SwitchStates": [
        true,
        true
    ],
    "ToggleableStates": [],
    "Employees": [],
    "Objects": [
        {
            "DataType": "PlaceableStorageData",
            "DataVersion": 0,
            "GameVersion": "0.4.0f5",
            "BaseData": "{\"DataType\":\"PlaceableStorageData\",\"DataVersion\":0,\"GameVersion\":\"0.4.0f5\",\"GUID\":\"f161e727-55ba-4d3f-820f-9fdc6e86df47\",\"ItemString\":\"{\\n    \\\"DataType\\\": \\\"ItemData\\\",\\n    \\\"DataVersion\\\": 0,\\n    \\\"GameVersion\\\": \\\"0.4.0f5\\\",\\n    \\\"ID\\\": \\\"largestoragerack\\\",\\n    \\\"Quantity\\\": 1\\n}\",\"LoadOrder\":0,\"GridGUID\":\"890b4b1a-139d-459d-86fe-78bc90f3adc6\",\"OriginCoordinate\":{\"x\":8.0,\"y\":11.0},\"Rotation\":0,\"Contents\":{\"Items\":[\"{\\\"DataType\\\":\\\"ItemData\\\",\\\"DataVersion\\\":0,\\\"GameVersion\\\":\\\"0.4.0f5\\\",\\\"ID\\\":\\\"\\\",\\\"Quantity\\\":0}\",\"{\\\"DataType\\\":\\\"WeedData\\\",\\\"DataVersion\\\":0,\\\"GameVersion\\\":\\\"0.4.0f5\\\",\\\"ID\\\":\\\"weddingass\\\",\\\"Quantity\\\":1,\\\"Quality\\\":\\\"Standard\\\",\\\"PackagingID\\\":\\\"jar\\\"}\",\"{\\\"DataType\\\":\\\"WeedData\\\",\\\"DataVersion\\\":0,\\\"GameVersion\\\":\\\"0.4.0f5\\\",\\\"ID\\\":\\\"weddingass\\\",\\\"Quantity\\\":3,\\\"Quality\\\":\\\"Poor\\\",\\\"PackagingID\\\":\\\"jar\\\"}\",\"{\\\"DataType\\\":\\\"WeedData\\\",\\\"DataVersion\\\":0,\\\"GameVersion\\\":\\\"0.4.0f5\\\",\\\"ID\\\":\\\"weddingsplooge\\\",\\\"Quantity\\\":1,\\\"Quality\\\":\\\"Standard\\\",\\\"PackagingID\\\":\\\"jar\\\"}\",\"{\\\"DataType\\\":\\\"ItemData\\\",\\\"DataVersion\\\":0,\\\"GameVersion\\\":\\\"0.4.0f5\\\",\\\"ID\\\":\\\"jar\\\",\\\"Quantity\\\":1}\",\"{\\\"DataType\\\":\\\"ItemData\\\",\\\"DataVersion\\\":0,\\\"GameVersion\\\":\\\"0.4.0f5\\\",\\\"ID\\\":\\\"\\\",\\\"Quantity\\\":0}\",\"{\\\"DataType\\\":\\\"ItemData\\\",\\\"DataVersion\\\":0,\\\"GameVersion\\\":\\\"0.4.0f5\\\",\\\"ID\\\":\\\"\\\",\\\"Quantity\\\":0}\",\"{\\\"DataType\\\":\\\"ItemData\\\",\\\"DataVersion\\\":0,\\\"GameVersion\\\":\\\"0.4.0f5\\\",\\\"ID\\\":\\\"\\\",\\\"Quantity\\\":0}\"],\"SlotFilters\":[{\"Type\":0,\"ItemIDs\":[],\"AllowedQualities\":[0,1,2,3,4]},{\"Type\":0,\"ItemIDs\":[],\"AllowedQualities\":[0,1,2,3,4]},{\"Type\":0,\"ItemIDs\":[],\"AllowedQualities\":[0,1,2,3,4]},{\"Type\":0,\"ItemIDs\":[],\"AllowedQualities\":[0,1,2,3,4]},{\"Type\":0,\"ItemIDs\":[],\"AllowedQualities\":[0,1,2,3,4]},{\"Type\":0,\"ItemIDs\":[],\"AllowedQualities\":[0,1,2,3,4]},{\"Type\":0,\"ItemIDs\":[],\"AllowedQualities\":[0,1,2,3,4]},{\"Type\":0,\"ItemIDs\":[],\"AllowedQualities\":[0,1,2,3,4]}]}}",
            "AdditionalDatas": []
        },
        {
            "DataType": "PlaceableStorageData",
            "DataVersion": 0,
            "GameVersion": "0.4.0f5",
            "BaseData": "{\"DataType\":\"PlaceableStorageData\",\"DataVersion\":0,\"GameVersion\":\"0.4.0f5\",\"GUID\":\"dd9f5a04-712c-4994-a5f4-f38fb8fb6d92\",\"ItemString\":\"{\\n    \\\"DataType\\\": \\\"ItemData\\\",\\n    \\\"DataVersion\\\": 0,\\n    \\\"GameVersion\\\": \\\"0.4.0f5\\\",\\n    \\\"ID\\\": \\\"largestoragerack\\\",\\n    \\\"Quantity\\\": 1\\n}\",\"LoadOrder\":0,\"GridGUID\":\"890b4b1a-139d-459d-86fe-78bc90f3adc6\",\"OriginCoordinate\":{\"x\":8.0,\"y\":10.0},\"Rotation\":0,\"Contents\":{\"Items\":[\"{\\\"DataType\\\":\\\"WeedData\\\",\\\"DataVersion\\\":0,\\\"GameVersion\\\":\\\"0.4.0f5\\\",\\\"ID\\\":\\\"californiapunch\\\",\\\"Quantity\\\":1,\\\"Quality\\\":\\\"Standard\\\",\\\"PackagingID\\\":\\\"baggie\\\"}\",\"{\\\"DataType\\\":\\\"WeedData\\\",\\\"DataVersion\\\":0,\\\"GameVersion\\\":\\\"0.4.0f5\\\",\\\"ID\\\":\\\"darksmegma\\\",\\\"Quantity\\\":1,\\\"Quality\\\":\\\"Standard\\\",\\\"PackagingID\\\":\\\"baggie\\\"}\",\"{\\\"DataType\\\":\\\"WeedData\\\",\\\"DataVersion\\\":0,\\\"GameVersion\\\":\\\"0.4.0f5\\\",\\\"ID\\\":\\\"biggold\\\",\\\"Quantity\\\":2,\\\"Quality\\\":\\\"Premium\\\",\\\"PackagingID\\\":\\\"baggie\\\"}\",\"{\\\"DataType\\\":\\\"WeedData\\\",\\\"DataVersion\\\":0,\\\"GameVersion\\\":\\\"0.4.0f5\\\",\\\"ID\\\":\\\"shinystink\\\",\\\"Quantity\\\":1,\\\"Quality\\\":\\\"Standard\\\",\\\"PackagingID\\\":\\\"baggie\\\"}\",\"{\\\"DataType\\\":\\\"ItemData\\\",\\\"DataVersion\\\":0,\\\"GameVersion\\\":\\\"0.4.0f5\\\",\\\"ID\\\":\\\"\\\",\\\"Quantity\\\":0}\",\"{\\\"DataType\\\":\\\"ItemData\\\",\\\"DataVersion\\\":0,\\\"GameVersion\\\":\\\"0.4.0f5\\\",\\\"ID\\\":\\\"\\\",\\\"Quantity\\\":0}\",\"{\\\"DataType\\\":\\\"ItemData\\\",\\\"DataVersion\\\":0,\\\"GameVersion\\\":\\\"0.4.0f5\\\",\\\"ID\\\":\\\"\\\",\\\"Quantity\\\":0}\",\"{\\\"DataType\\\":\\\"ItemData\\\",\\\"DataVersion\\\":0,\\\"GameVersion\\\":\\\"0.4.0f5\\\",\\\"ID\\\":\\\"\\\",\\\"Quantity\\\":0}\"],\"SlotFilters\":[{\"Type\":0,\"ItemIDs\":[],\"AllowedQualities\":[0,1,2,3,4]},{\"Type\":0,\"ItemIDs\":[],\"AllowedQualities\":[0,1,2,3,4]},{\"Type\":0,\"ItemIDs\":[],\"AllowedQualities\":[0,1,2,3,4]},{\"Type\":0,\"ItemIDs\":[],\"AllowedQualities\":[0,1,2,3,4]},{\"Type\":0,\"ItemIDs\":[],\"AllowedQualities\":[0,1,2,3,4]},{\"Type\":0,\"ItemIDs\":[],\"AllowedQualities\":[0,1,2,3,4]},{\"Type\":0,\"ItemIDs\":[],\"AllowedQualities\":[0,1,2,3,4]},{\"Type\":0,\"ItemIDs\":[],\"AllowedQualities\":[0,1,2,3,4]}]}}",
            "AdditionalDatas": []
        },
        {
            "DataType": "PotData",
            "DataVersion": 0,
            "GameVersion": "0.4.0f5",
            "BaseData": "{\"DataType\":\"PotData\",\"DataVersion\":0,\"GameVersion\":\"0.4.0f5\",\"GUID\":\"86e4ecb3-fc9f-4b38-9585-c695dab13e33\",\"ItemString\":\"{\\n    \\\"DataType\\\": \\\"ItemData\\\",\\n    \\\"DataVersion\\\": 0,\\n    \\\"GameVersion\\\": \\\"0.4.0f5\\\",\\n    \\\"ID\\\": \\\"growtent\\\",\\n    \\\"Quantity\\\": 1\\n}\",\"LoadOrder\":0,\"GridGUID\":\"d47666ba-6076-4779-9c8a-ffede5ff83ad\",\"OriginCoordinate\":{\"x\":0.0,\"y\":9.0},\"Rotation\":90,\"SoilID\":\"\",\"SoilLevel\":0.0,\"RemainingSoilUses\":0,\"WaterLevel\":0.0,\"AppliedAdditives\":[],\"PlantData\":{\"DataType\":\"PlantData\",\"DataVersion\":0,\"GameVersion\":\"0.4.0f5\",\"SeedID\":\"\",\"GrowthProgress\":0.0,\"YieldLevel\":0.0,\"QualityLevel\":0.0,\"ActiveBuds\":[]}}",
            "AdditionalDatas": []
        },
        {
            "DataType": "PackagingStationData",
            "DataVersion": 0,
            "GameVersion": "0.4.0f5",
            "BaseData": "{\"DataType\":\"PackagingStationData\",\"DataVersion\":0,\"GameVersion\":\"0.4.0f5\",\"GUID\":\"c88b976a-803d-4957-a16a-7e35b030897a\",\"ItemString\":\"{\\n    \\\"DataType\\\": \\\"ItemData\\\",\\n    \\\"DataVersion\\\": 0,\\n    \\\"GameVersion\\\": \\\"0.4.0f5\\\",\\n    \\\"ID\\\": \\\"packagingstation\\\",\\n    \\\"Quantity\\\": 1\\n}\",\"LoadOrder\":0,\"GridGUID\":\"0fc3eff1-af4f-471f-9c19-795996b7fdab\",\"OriginCoordinate\":{\"x\":11.0,\"y\":11.0},\"Rotation\":180,\"Contents\":{\"Items\":[\"{\\\"DataType\\\":\\\"ItemData\\\",\\\"DataVersion\\\":0,\\\"GameVersion\\\":\\\"0.4.0f5\\\",\\\"ID\\\":\\\"jar\\\",\\\"Quantity\\\":20}\",\"{\\\"DataType\\\":\\\"ItemData\\\",\\\"DataVersion\\\":0,\\\"GameVersion\\\":\\\"0.4.0f5\\\",\\\"ID\\\":\\\"\\\",\\\"Quantity\\\":0}\",\"{\\\"DataType\\\":\\\"ItemData\\\",\\\"DataVersion\\\":0,\\\"GameVersion\\\":\\\"0.4.0f5\\\",\\\"ID\\\":\\\"\\\",\\\"Quantity\\\":0}\"],\"SlotFilters\":[{\"Type\":0,\"ItemIDs\":[],\"AllowedQualities\":[0,1,2,3,4]},{\"Type\":0,\"ItemIDs\":[],\"AllowedQualities\":[0,1,2,3,4]},{\"Type\":0,\"ItemIDs\":[],\"AllowedQualities\":[0,1,2,3,4]}]}}",
            "AdditionalDatas": []
        },
        {
            "DataType": "PlaceableStorageData",
            "DataVersion": 0,
            "GameVersion": "0.4.0f5",
            "BaseData": "{\"DataType\":\"PlaceableStorageData\",\"DataVersion\":0,\"GameVersion\":\"0.4.0f5\",\"GUID\":\"7652f92b-070d-4ff5-a206-b65a4468c24b\",\"ItemString\":\"{\\n    \\\"DataType\\\": \\\"ItemData\\\",\\n    \\\"DataVersion\\\": 0,\\n    \\\"GameVersion\\\": \\\"0.4.0f5\\\",\\n    \\\"ID\\\": \\\"locker\\\",\\n    \\\"Quantity\\\": 1\\n}\",\"LoadOrder\":0,\"GridGUID\":\"890b4b1a-139d-459d-86fe-78bc90f3adc6\",\"OriginCoordinate\":{\"x\":0.0,\"y\":0.0},\"Rotation\":0,\"Contents\":{\"Items\":[\"{\\\"DataType\\\":\\\"ItemData\\\",\\\"DataVersion\\\":0,\\\"GameVersion\\\":\\\"0.4.0f5\\\",\\\"ID\\\":\\\"energydrink\\\",\\\"Quantity\\\":6}\",\"{\\\"DataType\\\":\\\"ItemData\\\",\\\"DataVersion\\\":0,\\\"GameVersion\\\":\\\"0.4.0f5\\\",\\\"ID\\\":\\\"gasoline\\\",\\\"Quantity\\\":3}\",\"{\\\"DataType\\\":\\\"ItemData\\\",\\\"DataVersion\\\":0,\\\"GameVersion\\\":\\\"0.4.0f5\\\",\\\"ID\\\":\\\"flumedicine\\\",\\\"Quantity\\\":18}\",\"{\\\"DataType\\\":\\\"ItemData\\\",\\\"DataVersion\\\":0,\\\"GameVersion\\\":\\\"0.4.0f5\\\",\\\"ID\\\":\\\"cuke\\\",\\\"Quantity\\\":19}\",\"{\\\"DataType\\\":\\\"ItemData\\\",\\\"DataVersion\\\":0,\\\"GameVersion\\\":\\\"0.4.0f5\\\",\\\"ID\\\":\\\"viagor\\\",\\\"Quantity\\\":1}\",\"{\\\"DataType\\\":\\\"ItemData\\\",\\\"DataVersion\\\":0,\\\"GameVersion\\\":\\\"0.4.0f5\\\",\\\"ID\\\":\\\"banana\\\",\\\"Quantity\\\":2}\"],\"SlotFilters\":[{\"Type\":0,\"ItemIDs\":[],\"AllowedQualities\":[0,1,2,3,4]},{\"Type\":0,\"ItemIDs\":[],\"AllowedQualities\":[0,1,2,3,4]},{\"Type\":0,\"ItemIDs\":[],\"AllowedQualities\":[0,1,2,3,4]},{\"Type\":0,\"ItemIDs\":[],\"AllowedQualities\":[0,1,2,3,4]},{\"Type\":0,\"ItemIDs\":[],\"AllowedQualities\":[0,1,2,3,4]},{\"Type\":0,\"ItemIDs\":[],\"AllowedQualities\":[0,1,2,3,4]}]}}",
            "AdditionalDatas": []
        },
        {
            "DataType": "PlaceableStorageData",
            "DataVersion": 0,
            "GameVersion": "0.4.0f5",
            "BaseData": "{\"DataType\":\"PlaceableStorageData\",\"DataVersion\":0,\"GameVersion\":\"0.4.0f5\",\"GUID\":\"e40146e0-967b-4aac-8fd9-f523771d07ba\",\"ItemString\":\"{\\n    \\\"DataType\\\": \\\"ItemData\\\",\\n    \\\"DataVersion\\\": 0,\\n    \\\"GameVersion\\\": \\\"0.4.0f5\\\",\\n    \\\"ID\\\": \\\"largestoragerack\\\",\\n    \\\"Quantity\\\": 1\\n}\",\"LoadOrder\":0,\"GridGUID\":\"890b4b1a-139d-459d-86fe-78bc90f3adc6\",\"OriginCoordinate\":{\"x\":11.0,\"y\":9.0},\"Rotation\":180,\"Contents\":{\"Items\":[\"{\\\"DataType\\\":\\\"ItemData\\\",\\\"DataVersion\\\":0,\\\"GameVersion\\\":\\\"0.4.0f5\\\",\\\"ID\\\":\\\"\\\",\\\"Quantity\\\":0}\",\"{\\\"DataType\\\":\\\"WeedData\\\",\\\"DataVersion\\\":0,\\\"GameVersion\\\":\\\"0.4.0f5\\\",\\\"ID\\\":\\\"ogkush\\\",\\\"Quantity\\\":4,\\\"Quality\\\":\\\"Poor\\\",\\\"PackagingID\\\":\\\"\\\"}\",\"{\\\"DataType\\\":\\\"ItemData\\\",\\\"DataVersion\\\":0,\\\"GameVersion\\\":\\\"0.4.0f5\\\",\\\"ID\\\":\\\"\\\",\\\"Quantity\\\":0}\",\"{\\\"DataType\\\":\\\"ItemData\\\",\\\"DataVersion\\\":0,\\\"GameVersion\\\":\\\"0.4.0f5\\\",\\\"ID\\\":\\\"\\\",\\\"Quantity\\\":0}\",\"{\\\"DataType\\\":\\\"ItemData\\\",\\\"DataVersion\\\":0,\\\"GameVersion\\\":\\\"0.4.0f5\\\",\\\"ID\\\":\\\"\\\",\\\"Quantity\\\":0}\",\"{\\\"DataType\\\":\\\"ItemData\\\",\\\"DataVersion\\\":0,\\\"GameVersion\\\":\\\"0.4.0f5\\\",\\\"ID\\\":\\\"\\\",\\\"Quantity\\\":0}\",\"{\\\"DataType\\\":\\\"ItemData\\\",\\\"DataVersion\\\":0,\\\"GameVersion\\\":\\\"0.4.0f5\\\",\\\"ID\\\":\\\"\\\",\\\"Quantity\\\":0}\",\"{\\\"DataType\\\":\\\"ItemData\\\",\\\"DataVersion\\\":0,\\\"GameVersion\\\":\\\"0.4.0f5\\\",\\\"ID\\\":\\\"\\\",\\\"Quantity\\\":0}\"],\"SlotFilters\":[{\"Type\":0,\"ItemIDs\":[],\"AllowedQualities\":[0,1,2,3,4]},{\"Type\":0,\"ItemIDs\":[],\"AllowedQualities\":[0,1,2,3,4]},{\"Type\":0,\"ItemIDs\":[],\"AllowedQualities\":[0,1,2,3,4]},{\"Type\":0,\"ItemIDs\":[],\"AllowedQualities\":[0,1,2,3,4]},{\"Type\":0,\"ItemIDs\":[],\"AllowedQualities\":[0,1,2,3,4]},{\"Type\":0,\"ItemIDs\":[],\"AllowedQualities\":[0,1,2,3,4]},{\"Type\":0,\"ItemIDs\":[],\"AllowedQualities\":[0,1,2,3,4]},{\"Type\":0,\"ItemIDs\":[],\"AllowedQualities\":[0,1,2,3,4]}]}}",
            "AdditionalDatas": []
        },
        {
            "DataType": "PlaceableStorageData",
            "DataVersion": 0,
            "GameVersion": "0.4.0f5",
            "BaseData": "{\"DataType\":\"PlaceableStorageData\",\"DataVersion\":0,\"GameVersion\":\"0.4.0f5\",\"GUID\":\"f2887f3e-588c-4836-9a4c-edb921fc8dd0\",\"ItemString\":\"{\\n    \\\"DataType\\\": \\\"ItemData\\\",\\n    \\\"DataVersion\\\": 0,\\n    \\\"GameVersion\\\": \\\"0.4.0f5\\\",\\n    \\\"ID\\\": \\\"largestoragerack\\\",\\n    \\\"Quantity\\\": 1\\n}\",\"LoadOrder\":0,\"GridGUID\":\"890b4b1a-139d-459d-86fe-78bc90f3adc6\",\"OriginCoordinate\":{\"x\":11.0,\"y\":8.0},\"Rotation\":180,\"Contents\":{\"Items\":[\"{\\\"DataType\\\":\\\"WeedData\\\",\\\"DataVersion\\\":0,\\\"GameVersion\\\":\\\"0.4.0f5\\\",\\\"ID\\\":\\\"lastink\\\",\\\"Quantity\\\":1,\\\"Quality\\\":\\\"Standard\\\",\\\"PackagingID\\\":\\\"\\\"}\",\"{\\\"DataType\\\":\\\"WeedData\\\",\\\"DataVersion\\\":0,\\\"GameVersion\\\":\\\"0.4.0f5\\\",\\\"ID\\\":\\\"fatcum\\\",\\\"Quantity\\\":1,\\\"Quality\\\":\\\"Standard\\\",\\\"PackagingID\\\":\\\"\\\"}\",\"{\\\"DataType\\\":\\\"WeedData\\\",\\\"DataVersion\\\":0,\\\"GameVersion\\\":\\\"0.4.0f5\\\",\\\"ID\\\":\\\"purplecheese\\\",\\\"Quantity\\\":2,\\\"Quality\\\":\\\"Standard\\\",\\\"PackagingID\\\":\\\"\\\"}\",\"{\\\"DataType\\\":\\\"WeedData\\\",\\\"DataVersion\\\":0,\\\"GameVersion\\\":\\\"0.4.0f5\\\",\\\"ID\\\":\\\"ogkush\\\",\\\"Quantity\\\":9,\\\"Quality\\\":\\\"Standard\\\",\\\"PackagingID\\\":\\\"\\\"}\",\"{\\\"DataType\\\":\\\"WeedData\\\",\\\"DataVersion\\\":0,\\\"GameVersion\\\":\\\"0.4.0f5\\\",\\\"ID\\\":\\\"banan\\\",\\\"Quantity\\\":7,\\\"Quality\\\":\\\"Premium\\\",\\\"PackagingID\\\":\\\"\\\"}\",\"{\\\"DataType\\\":\\\"WeedData\\\",\\\"DataVersion\\\":0,\\\"GameVersion\\\":\\\"0.4.0f5\\\",\\\"ID\\\":\\\"greencrack\\\",\\\"Quantity\\\":8,\\\"Quality\\\":\\\"Standard\\\",\\\"PackagingID\\\":\\\"\\\"}\",\"{\\\"DataType\\\":\\\"WeedData\\\",\\\"DataVersion\\\":0,\\\"GameVersion\\\":\\\"0.4.0f5\\\",\\\"ID\\\":\\\"ogkush\\\",\\\"Quantity\\\":2,\\\"Quality\\\":\\\"Poor\\\",\\\"PackagingID\\\":\\\"\\\"}\",\"{\\\"DataType\\\":\\\"ItemData\\\",\\\"DataVersion\\\":0,\\\"GameVersion\\\":\\\"0.4.0f5\\\",\\\"ID\\\":\\\"\\\",\\\"Quantity\\\":0}\"],\"SlotFilters\":[{\"Type\":0,\"ItemIDs\":[],\"AllowedQualities\":[0,1,2,3,4]},{\"Type\":0,\"ItemIDs\":[],\"AllowedQualities\":[0,1,2,3,4]},{\"Type\":0,\"ItemIDs\":[],\"AllowedQualities\":[0,1,2,3,4]},{\"Type\":0,\"ItemIDs\":[],\"AllowedQualities\":[0,1,2,3,4]},{\"Type\":0,\"ItemIDs\":[],\"AllowedQualities\":[0,1,2,3,4]},{\"Type\":0,\"ItemIDs\":[],\"AllowedQualities\":[0,1,2,3,4]},{\"Type\":0,\"ItemIDs\":[],\"AllowedQualities\":[0,1,2,3,4]},{\"Type\":0,\"ItemIDs\":[],\"AllowedQualities\":[0,1,2,3,4]}]}}",
            "AdditionalDatas": []
        },
        {
            "DataType": "PlaceableStorageData",
            "DataVersion": 0,
            "GameVersion": "0.4.0f5",
            "BaseData": "{\"DataType\":\"PlaceableStorageData\",\"DataVersion\":0,\"GameVersion\":\"0.4.0f5\",\"GUID\":\"b79a7784-393c-4ac9-a6c5-6b93db792735\",\"ItemString\":\"{\\n    \\\"DataType\\\": \\\"ItemData\\\",\\n    \\\"DataVersion\\\": 0,\\n    \\\"GameVersion\\\": \\\"0.4.0f5\\\",\\n    \\\"ID\\\": \\\"largestoragerack\\\",\\n    \\\"Quantity\\\": 1\\n}\",\"LoadOrder\":0,\"GridGUID\":\"890b4b1a-139d-459d-86fe-78bc90f3adc6\",\"OriginCoordinate\":{\"x\":11.0,\"y\":7.0},\"Rotation\":180,\"Contents\":{\"Items\":[\"{\\\"DataType\\\":\\\"WeedData\\\",\\\"DataVersion\\\":0,\\\"GameVersion\\\":\\\"0.4.0f5\\\",\\\"ID\\\":\\\"girlscoutpuke\\\",\\\"Quantity\\\":4,\\\"Quality\\\":\\\"Poor\\\",\\\"PackagingID\\\":\\\"\\\"}\",\"{\\\"DataType\\\":\\\"WeedData\\\",\\\"DataVersion\\\":0,\\\"GameVersion\\\":\\\"0.4.0f5\\\",\\\"ID\\\":\\\"californiaurkle\\\",\\\"Quantity\\\":1,\\\"Quality\\\":\\\"Standard\\\",\\\"PackagingID\\\":\\\"\\\"}\",\"{\\\"DataType\\\":\\\"WeedData\\\",\\\"DataVersion\\\":0,\\\"GameVersion\\\":\\\"0.4.0f5\\\",\\\"ID\\\":\\\"strawberrydick\\\",\\\"Quantity\\\":1,\\\"Quality\\\":\\\"Standard\\\",\\\"PackagingID\\\":\\\"\\\"}\",\"{\\\"DataType\\\":\\\"WeedData\\\",\\\"DataVersion\\\":0,\\\"GameVersion\\\":\\\"0.4.0f5\\\",\\\"ID\\\":\\\"miraclecrack\\\",\\\"Quantity\\\":1,\\\"Quality\\\":\\\"Premium\\\",\\\"PackagingID\\\":\\\"\\\"}\",\"{\\\"DataType\\\":\\\"WeedData\\\",\\\"DataVersion\\\":0,\\\"GameVersion\\\":\\\"0.4.0f5\\\",\\\"ID\\\":\\\"greencrack\\\",\\\"Quantity\\\":2,\\\"Quality\\\":\\\"Premium\\\",\\\"PackagingID\\\":\\\"\\\"}\",\"{\\\"DataType\\\":\\\"WeedData\\\",\\\"DataVersion\\\":0,\\\"GameVersion\\\":\\\"0.4.0f5\\\",\\\"ID\\\":\\\"biggold\\\",\\\"Quantity\\\":1,\\\"Quality\\\":\\\"Standard\\\",\\\"PackagingID\\\":\\\"\\\"}\",\"{\\\"DataType\\\":\\\"WeedData\\\",\\\"DataVersion\\\":0,\\\"GameVersion\\\":\\\"0.4.0f5\\\",\\\"ID\\\":\\\"pinkcheese\\\",\\\"Quantity\\\":1,\\\"Quality\\\":\\\"Standard\\\",\\\"PackagingID\\\":\\\"\\\"}\",\"{\\\"DataType\\\":\\\"WeedData\\\",\\\"DataVersion\\\":0,\\\"GameVersion\\\":\\\"0.4.0f5\\\",\\\"ID\\\":\\\"deathshart\\\",\\\"Quantity\\\":1,\\\"Quality\\\":\\\"Standard\\\",\\\"PackagingID\\\":\\\"\\\"}\"],\"SlotFilters\":[{\"Type\":0,\"ItemIDs\":[],\"AllowedQualities\":[0,1,2,3,4]},{\"Type\":0,\"ItemIDs\":[],\"AllowedQualities\":[0,1,2,3,4]},{\"Type\":0,\"ItemIDs\":[],\"AllowedQualities\":[0,1,2,3,4]},{\"Type\":0,\"ItemIDs\":[],\"AllowedQualities\":[0,1,2,3,4]},{\"Type\":0,\"ItemIDs\":[],\"AllowedQualities\":[0,1,2,3,4]},{\"Type\":0,\"ItemIDs\":[],\"AllowedQualities\":[0,1,2,3,4]},{\"Type\":0,\"ItemIDs\":[],\"AllowedQualities\":[0,1,2,3,4]},{\"Type\":0,\"ItemIDs\":[],\"AllowedQualities\":[0,1,2,3,4]}]}}",
            "AdditionalDatas": []
        },
        {
            "DataType": "PlaceableStorageData",
            "DataVersion": 0,
            "GameVersion": "0.4.0f5",
            "BaseData": "{\"DataType\":\"PlaceableStorageData\",\"DataVersion\":0,\"GameVersion\":\"0.4.0f5\",\"GUID\":\"9b5ca4bb-3fac-43fb-9e7f-7ec42bb27918\",\"ItemString\":\"{\\n    \\\"DataType\\\": \\\"ItemData\\\",\\n    \\\"DataVersion\\\": 0,\\n    \\\"GameVersion\\\": \\\"0.4.0f5\\\",\\n    \\\"ID\\\": \\\"smallstoragerack\\\",\\n    \\\"Quantity\\\": 1\\n}\",\"LoadOrder\":0,\"GridGUID\":\"0fc3eff1-af4f-471f-9c19-795996b7fdab\",\"OriginCoordinate\":{\"x\":0.0,\"y\":6.0},\"Rotation\":90,\"Contents\":{\"Items\":[\"{\\\"DataType\\\":\\\"ItemData\\\",\\\"DataVersion\\\":0,\\\"GameVersion\\\":\\\"0.4.0f5\\\",\\\"ID\\\":\\\"trashbag\\\",\\\"Quantity\\\":10}\",\"{\\\"DataType\\\":\\\"ItemData\\\",\\\"DataVersion\\\":0,\\\"GameVersion\\\":\\\"0.4.0f5\\\",\\\"ID\\\":\\\"\\\",\\\"Quantity\\\":0}\",\"{\\\"DataType\\\":\\\"ItemData\\\",\\\"DataVersion\\\":0,\\\"GameVersion\\\":\\\"0.4.0f5\\\",\\\"ID\\\":\\\"spraypaint\\\",\\\"Quantity\\\":2}\",\"{\\\"DataType\\\":\\\"ItemData\\\",\\\"DataVersion\\\":0,\\\"GameVersion\\\":\\\"0.4.0f5\\\",\\\"ID\\\":\\\"graffiticleaner\\\",\\\"Quantity\\\":2}\"],\"SlotFilters\":[{\"Type\":0,\"ItemIDs\":[],\"AllowedQualities\":[0,1,2,3,4]},{\"Type\":0,\"ItemIDs\":[],\"AllowedQualities\":[0,1,2,3,4]},{\"Type\":0,\"ItemIDs\":[],\"AllowedQualities\":[0,1,2,3,4]},{\"Type\":0,\"ItemIDs\":[],\"AllowedQualities\":[0,1,2,3,4]}]}}",
            "AdditionalDatas": []
        },
        {
            "DataType": "ToggleableItemData",
            "DataVersion": 0,
            "GameVersion": "0.4.0f5",
            "BaseData": "{\"DataType\":\"ToggleableItemData\",\"DataVersion\":0,\"GameVersion\":\"0.4.0f5\",\"GUID\":\"5d6db86e-d9f5-4777-a83e-92551d97d71d\",\"ItemString\":\"{\\n    \\\"DataType\\\": \\\"ItemData\\\",\\n    \\\"DataVersion\\\": 0,\\n    \\\"GameVersion\\\": \\\"0.4.0f5\\\",\\n    \\\"ID\\\": \\\"floorlamp\\\",\\n    \\\"Quantity\\\": 1\\n}\",\"LoadOrder\":0,\"GridGUID\":\"890b4b1a-139d-459d-86fe-78bc90f3adc6\",\"OriginCoordinate\":{\"x\":3.0,\"y\":0.0},\"Rotation\":0,\"IsOn\":true}",
            "AdditionalDatas": []
        },
        {
            "DataType": "ToggleableItemData",
            "DataVersion": 0,
            "GameVersion": "0.4.0f5",
            "BaseData": "{\"DataType\":\"ToggleableItemData\",\"DataVersion\":0,\"GameVersion\":\"0.4.0f5\",\"GUID\":\"99d6ee90-4397-469a-b8dc-cf28938d1408\",\"ItemString\":\"{\\n    \\\"DataType\\\": \\\"ItemData\\\",\\n    \\\"DataVersion\\\": 0,\\n    \\\"GameVersion\\\": \\\"0.4.0f5\\\",\\n    \\\"ID\\\": \\\"floorlamp\\\",\\n    \\\"Quantity\\\": 1\\n}\",\"LoadOrder\":0,\"GridGUID\":\"d47666ba-6076-4779-9c8a-ffede5ff83ad\",\"OriginCoordinate\":{\"x\":8.0,\"y\":0.0},\"Rotation\":0,\"IsOn\":true}",
            "AdditionalDatas": []
        },
        {
            "DataType": "PlaceableStorageData",
            "DataVersion": 0,
            "GameVersion": "0.4.0f5",
            "BaseData": "{\"DataType\":\"PlaceableStorageData\",\"DataVersion\":0,\"GameVersion\":\"0.4.0f5\",\"GUID\":\"c3801ac0-e8f9-403a-a9f9-74d6d1531d0c\",\"ItemString\":\"{\\n    \\\"DataType\\\": \\\"ItemData\\\",\\n    \\\"DataVersion\\\": 0,\\n    \\\"GameVersion\\\": \\\"0.4.0f5\\\",\\n    \\\"ID\\\": \\\"largestoragerack\\\",\\n    \\\"Quantity\\\": 1\\n}\",\"LoadOrder\":0,\"GridGUID\":\"890b4b1a-139d-459d-86fe-78bc90f3adc6\",\"OriginCoordinate\":{\"x\":8.0,\"y\":6.0},\"Rotation\":0,\"Contents\":{\"Items\":[\"{\\\"DataType\\\":\\\"WeedData\\\",\\\"DataVersion\\\":0,\\\"GameVersion\\\":\\\"0.4.0f5\\\",\\\"ID\\\":\\\"sourdiesel\\\",\\\"Quantity\\\":12,\\\"Quality\\\":\\\"Poor\\\",\\\"PackagingID\\\":\\\"\\\"}\",\"{\\\"DataType\\\":\\\"WeedData\\\",\\\"DataVersion\\\":0,\\\"GameVersion\\\":\\\"0.4.0f5\\\",\\\"ID\\\":\\\"ogkush\\\",\\\"Quantity\\\":20,\\\"Quality\\\":\\\"Poor\\\",\\\"PackagingID\\\":\\\"\\\"}\",\"{\\\"DataType\\\":\\\"WeedData\\\",\\\"DataVersion\\\":0,\\\"GameVersion\\\":\\\"0.4.0f5\\\",\\\"ID\\\":\\\"granddaddypurple\\\",\\\"Quantity\\\":11,\\\"Quality\\\":\\\"Poor\\\",\\\"PackagingID\\\":\\\"\\\"}\",\"{\\\"DataType\\\":\\\"WeedData\\\",\\\"DataVersion\\\":0,\\\"GameVersion\\\":\\\"0.4.0f5\\\",\\\"ID\\\":\\\"afghanshart\\\",\\\"Quantity\\\":7,\\\"Quality\\\":\\\"Poor\\\",\\\"PackagingID\\\":\\\"\\\"}\",\"{\\\"DataType\\\":\\\"WeedData\\\",\\\"DataVersion\\\":0,\\\"GameVersion\\\":\\\"0.4.0f5\\\",\\\"ID\\\":\\\"darkballs\\\",\\\"Quantity\\\":1,\\\"Quality\\\":\\\"Poor\\\",\\\"PackagingID\\\":\\\"\\\"}\",\"{\\\"DataType\\\":\\\"WeedData\\\",\\\"DataVersion\\\":0,\\\"GameVersion\\\":\\\"0.4.0f5\\\",\\\"ID\\\":\\\"ogkush\\\",\\\"Quantity\\\":13,\\\"Quality\\\":\\\"Poor\\\",\\\"PackagingID\\\":\\\"\\\"}\",\"{\\\"DataType\\\":\\\"ItemData\\\",\\\"DataVersion\\\":0,\\\"GameVersion\\\":\\\"0.4.0f5\\\",\\\"ID\\\":\\\"\\\",\\\"Quantity\\\":0}\",\"{\\\"DataType\\\":\\\"ItemData\\\",\\\"DataVersion\\\":0,\\\"GameVersion\\\":\\\"0.4.0f5\\\",\\\"ID\\\":\\\"\\\",\\\"Quantity\\\":0}\"],\"SlotFilters\":[{\"Type\":0,\"ItemIDs\":[],\"AllowedQualities\":[0,1,2,3,4]},{\"Type\":0,\"ItemIDs\":[],\"AllowedQualities\":[0,1,2,3,4]},{\"Type\":0,\"ItemIDs\":[],\"AllowedQualities\":[0,1,2,3,4]},{\"Type\":0,\"ItemIDs\":[],\"AllowedQualities\":[0,1,2,3,4]},{\"Type\":0,\"ItemIDs\":[],\"AllowedQualities\":[0,1,2,3,4]},{\"Type\":0,\"ItemIDs\":[],\"AllowedQualities\":[0,1,2,3,4]},{\"Type\":0,\"ItemIDs\":[],\"AllowedQualities\":[0,1,2,3,4]},{\"Type\":0,\"ItemIDs\":[],\"AllowedQualities\":[0,1,2,3,4]}]}}",
            "AdditionalDatas": []
        },
        {
            "DataType": "PlaceableStorageData",
            "DataVersion": 0,
            "GameVersion": "0.4.0f5",
            "BaseData": "{\"DataType\":\"PlaceableStorageData\",\"DataVersion\":0,\"GameVersion\":\"0.4.0f5\",\"GUID\":\"df291689-15bc-4e84-a311-06820a53b1a7\",\"ItemString\":\"{\\n    \\\"DataType\\\": \\\"ItemData\\\",\\n    \\\"DataVersion\\\": 0,\\n    \\\"GameVersion\\\": \\\"0.4.0f5\\\",\\n    \\\"ID\\\": \\\"largestoragerack\\\",\\n    \\\"Quantity\\\": 1\\n}\",\"LoadOrder\":0,\"GridGUID\":\"890b4b1a-139d-459d-86fe-78bc90f3adc6\",\"OriginCoordinate\":{\"x\":11.0,\"y\":5.0},\"Rotation\":180,\"Contents\":{\"Items\":[\"{\\\"DataType\\\":\\\"ItemData\\\",\\\"DataVersion\\\":0,\\\"GameVersion\\\":\\\"0.4.0f5\\\",\\\"ID\\\":\\\"\\\",\\\"Quantity\\\":0}\",\"{\\\"DataType\\\":\\\"ItemData\\\",\\\"DataVersion\\\":0,\\\"GameVersion\\\":\\\"0.4.0f5\\\",\\\"ID\\\":\\\"\\\",\\\"Quantity\\\":0}\",\"{\\\"DataType\\\":\\\"ItemData\\\",\\\"DataVersion\\\":0,\\\"GameVersion\\\":\\\"0.4.0f5\\\",\\\"ID\\\":\\\"\\\",\\\"Quantity\\\":0}\",\"{\\\"DataType\\\":\\\"ItemData\\\",\\\"DataVersion\\\":0,\\\"GameVersion\\\":\\\"0.4.0f5\\\",\\\"ID\\\":\\\"\\\",\\\"Quantity\\\":0}\",\"{\\\"DataType\\\":\\\"ItemData\\\",\\\"DataVersion\\\":0,\\\"GameVersion\\\":\\\"0.4.0f5\\\",\\\"ID\\\":\\\"\\\",\\\"Quantity\\\":0}\",\"{\\\"DataType\\\":\\\"ItemData\\\",\\\"DataVersion\\\":0,\\\"GameVersion\\\":\\\"0.4.0f5\\\",\\\"ID\\\":\\\"\\\",\\\"Quantity\\\":0}\",\"{\\\"DataType\\\":\\\"ItemData\\\",\\\"DataVersion\\\":0,\\\"GameVersion\\\":\\\"0.4.0f5\\\",\\\"ID\\\":\\\"\\\",\\\"Quantity\\\":0}\",\"{\\\"DataType\\\":\\\"ItemData\\\",\\\"DataVersion\\\":0,\\\"GameVersion\\\":\\\"0.4.0f5\\\",\\\"ID\\\":\\\"\\\",\\\"Quantity\\\":0}\"],\"SlotFilters\":[{\"Type\":0,\"ItemIDs\":[],\"AllowedQualities\":[0,1,2,3,4]},{\"Type\":0,\"ItemIDs\":[],\"AllowedQualities\":[0,1,2,3,4]},{\"Type\":0,\"ItemIDs\":[],\"AllowedQualities\":[0,1,2,3,4]},{\"Type\":0,\"ItemIDs\":[],\"AllowedQualities\":[0,1,2,3,4]},{\"Type\":0,\"ItemIDs\":[],\"AllowedQualities\":[0,1,2,3,4]},{\"Type\":0,\"ItemIDs\":[],\"AllowedQualities\":[0,1,2,3,4]},{\"Type\":0,\"ItemIDs\":[],\"AllowedQualities\":[0,1,2,3,4]},{\"Type\":0,\"ItemIDs\":[],\"AllowedQualities\":[0,1,2,3,4]}]}}",
            "AdditionalDatas": []
        },
        {
            "DataType": "PlaceableStorageData",
            "DataVersion": 0,
            "GameVersion": "0.4.0f5",
            "BaseData": "{\"DataType\":\"PlaceableStorageData\",\"DataVersion\":0,\"GameVersion\":\"0.4.0f5\",\"GUID\":\"9049dc59-d1d0-43f4-b73c-4cc89217e401\",\"ItemString\":\"{\\n    \\\"DataType\\\": \\\"ItemData\\\",\\n    \\\"DataVersion\\\": 0,\\n    \\\"GameVersion\\\": \\\"0.4.0f5\\\",\\n    \\\"ID\\\": \\\"largestoragerack\\\",\\n    \\\"Quantity\\\": 1\\n}\",\"LoadOrder\":0,\"GridGUID\":\"890b4b1a-139d-459d-86fe-78bc90f3adc6\",\"OriginCoordinate\":{\"x\":11.0,\"y\":4.0},\"Rotation\":180,\"Contents\":{\"Items\":[\"{\\\"DataType\\\":\\\"ItemData\\\",\\\"DataVersion\\\":0,\\\"GameVersion\\\":\\\"0.4.0f5\\\",\\\"ID\\\":\\\"\\\",\\\"Quantity\\\":0}\",\"{\\\"DataType\\\":\\\"ItemData\\\",\\\"DataVersion\\\":0,\\\"GameVersion\\\":\\\"0.4.0f5\\\",\\\"ID\\\":\\\"\\\",\\\"Quantity\\\":0}\",\"{\\\"DataType\\\":\\\"ItemData\\\",\\\"DataVersion\\\":0,\\\"GameVersion\\\":\\\"0.4.0f5\\\",\\\"ID\\\":\\\"\\\",\\\"Quantity\\\":0}\",\"{\\\"DataType\\\":\\\"ItemData\\\",\\\"DataVersion\\\":0,\\\"GameVersion\\\":\\\"0.4.0f5\\\",\\\"ID\\\":\\\"\\\",\\\"Quantity\\\":0}\",\"{\\\"DataType\\\":\\\"ItemData\\\",\\\"DataVersion\\\":0,\\\"GameVersion\\\":\\\"0.4.0f5\\\",\\\"ID\\\":\\\"\\\",\\\"Quantity\\\":0}\",\"{\\\"DataType\\\":\\\"ItemData\\\",\\\"DataVersion\\\":0,\\\"GameVersion\\\":\\\"0.4.0f5\\\",\\\"ID\\\":\\\"\\\",\\\"Quantity\\\":0}\",\"{\\\"DataType\\\":\\\"ItemData\\\",\\\"DataVersion\\\":0,\\\"GameVersion\\\":\\\"0.4.0f5\\\",\\\"ID\\\":\\\"\\\",\\\"Quantity\\\":0}\",\"{\\\"DataType\\\":\\\"ItemData\\\",\\\"DataVersion\\\":0,\\\"GameVersion\\\":\\\"0.4.0f5\\\",\\\"ID\\\":\\\"\\\",\\\"Quantity\\\":0}\"],\"SlotFilters\":[{\"Type\":0,\"ItemIDs\":[],\"AllowedQualities\":[0,1,2,3,4]},{\"Type\":0,\"ItemIDs\":[],\"AllowedQualities\":[0,1,2,3,4]},{\"Type\":0,\"ItemIDs\":[],\"AllowedQualities\":[0,1,2,3,4]},{\"Type\":0,\"ItemIDs\":[],\"AllowedQualities\":[0,1,2,3,4]},{\"Type\":0,\"ItemIDs\":[],\"AllowedQualities\":[0,1,2,3,4]},{\"Type\":0,\"ItemIDs\":[],\"AllowedQualities\":[0,1,2,3,4]},{\"Type\":0,\"ItemIDs\":[],\"AllowedQualities\":[0,1,2,3,4]},{\"Type\":0,\"ItemIDs\":[],\"AllowedQualities\":[0,1,2,3,4]}]}}",
            "AdditionalDatas": []
        },
        {
            "DataType": "PlaceableStorageData",
            "DataVersion": 0,
            "GameVersion": "0.4.0f5",
            "BaseData": "{\"DataType\":\"PlaceableStorageData\",\"DataVersion\":0,\"GameVersion\":\"0.4.0f5\",\"GUID\":\"ac737c37-5c6a-4aee-ba6e-a2fa2aa1644c\",\"ItemString\":\"{\\n    \\\"DataType\\\": \\\"ItemData\\\",\\n    \\\"DataVersion\\\": 0,\\n    \\\"GameVersion\\\": \\\"0.4.0f5\\\",\\n    \\\"ID\\\": \\\"largestoragerack\\\",\\n    \\\"Quantity\\\": 1\\n}\",\"LoadOrder\":0,\"GridGUID\":\"890b4b1a-139d-459d-86fe-78bc90f3adc6\",\"OriginCoordinate\":{\"x\":11.0,\"y\":3.0},\"Rotation\":180,\"Contents\":{\"Items\":[\"{\\\"DataType\\\":\\\"ItemData\\\",\\\"DataVersion\\\":0,\\\"GameVersion\\\":\\\"0.4.0f5\\\",\\\"ID\\\":\\\"\\\",\\\"Quantity\\\":0}\",\"{\\\"DataType\\\":\\\"ItemData\\\",\\\"DataVersion\\\":0,\\\"GameVersion\\\":\\\"0.4.0f5\\\",\\\"ID\\\":\\\"\\\",\\\"Quantity\\\":0}\",\"{\\\"DataType\\\":\\\"ItemData\\\",\\\"DataVersion\\\":0,\\\"GameVersion\\\":\\\"0.4.0f5\\\",\\\"ID\\\":\\\"\\\",\\\"Quantity\\\":0}\",\"{\\\"DataType\\\":\\\"ItemData\\\",\\\"DataVersion\\\":0,\\\"GameVersion\\\":\\\"0.4.0f5\\\",\\\"ID\\\":\\\"\\\",\\\"Quantity\\\":0}\",\"{\\\"DataType\\\":\\\"ItemData\\\",\\\"DataVersion\\\":0,\\\"GameVersion\\\":\\\"0.4.0f5\\\",\\\"ID\\\":\\\"\\\",\\\"Quantity\\\":0}\",\"{\\\"DataType\\\":\\\"ItemData\\\",\\\"DataVersion\\\":0,\\\"GameVersion\\\":\\\"0.4.0f5\\\",\\\"ID\\\":\\\"\\\",\\\"Quantity\\\":0}\",\"{\\\"DataType\\\":\\\"ItemData\\\",\\\"DataVersion\\\":0,\\\"GameVersion\\\":\\\"0.4.0f5\\\",\\\"ID\\\":\\\"\\\",\\\"Quantity\\\":0}\",\"{\\\"DataType\\\":\\\"ItemData\\\",\\\"DataVersion\\\":0,\\\"GameVersion\\\":\\\"0.4.0f5\\\",\\\"ID\\\":\\\"\\\",\\\"Quantity\\\":0}\"],\"SlotFilters\":[{\"Type\":0,\"ItemIDs\":[],\"AllowedQualities\":[0,1,2,3,4]},{\"Type\":0,\"ItemIDs\":[],\"AllowedQualities\":[0,1,2,3,4]},{\"Type\":0,\"ItemIDs\":[],\"AllowedQualities\":[0,1,2,3,4]},{\"Type\":0,\"ItemIDs\":[],\"AllowedQualities\":[0,1,2,3,4]},{\"Type\":0,\"ItemIDs\":[],\"AllowedQualities\":[0,1,2,3,4]},{\"Type\":0,\"ItemIDs\":[],\"AllowedQualities\":[0,1,2,3,4]},{\"Type\":0,\"ItemIDs\":[],\"AllowedQualities\":[0,1,2,3,4]},{\"Type\":0,\"ItemIDs\":[],\"AllowedQualities\":[0,1,2,3,4]}]}}",
            "AdditionalDatas": []
        },
        {
            "DataType": "PlaceableStorageData",
            "DataVersion": 0,
            "GameVersion": "0.4.0f5",
            "BaseData": "{\"DataType\":\"PlaceableStorageData\",\"DataVersion\":0,\"GameVersion\":\"0.4.0f5\",\"GUID\":\"f94b0e1b-ce94-433a-8c80-90767923063c\",\"ItemString\":\"{\\n    \\\"DataType\\\": \\\"ItemData\\\",\\n    \\\"DataVersion\\\": 0,\\n    \\\"GameVersion\\\": \\\"0.4.0f5\\\",\\n    \\\"ID\\\": \\\"largestoragerack\\\",\\n    \\\"Quantity\\\": 1\\n}\",\"LoadOrder\":0,\"GridGUID\":\"890b4b1a-139d-459d-86fe-78bc90f3adc6\",\"OriginCoordinate\":{\"x\":11.0,\"y\":2.0},\"Rotation\":180,\"Contents\":{\"Items\":[\"{\\\"DataType\\\":\\\"ItemData\\\",\\\"DataVersion\\\":0,\\\"GameVersion\\\":\\\"0.4.0f5\\\",\\\"ID\\\":\\\"\\\",\\\"Quantity\\\":0}\",\"{\\\"DataType\\\":\\\"ItemData\\\",\\\"DataVersion\\\":0,\\\"GameVersion\\\":\\\"0.4.0f5\\\",\\\"ID\\\":\\\"\\\",\\\"Quantity\\\":0}\",\"{\\\"DataType\\\":\\\"ItemData\\\",\\\"DataVersion\\\":0,\\\"GameVersion\\\":\\\"0.4.0f5\\\",\\\"ID\\\":\\\"\\\",\\\"Quantity\\\":0}\",\"{\\\"DataType\\\":\\\"ItemData\\\",\\\"DataVersion\\\":0,\\\"GameVersion\\\":\\\"0.4.0f5\\\",\\\"ID\\\":\\\"\\\",\\\"Quantity\\\":0}\",\"{\\\"DataType\\\":\\\"ItemData\\\",\\\"DataVersion\\\":0,\\\"GameVersion\\\":\\\"0.4.0f5\\\",\\\"ID\\\":\\\"\\\",\\\"Quantity\\\":0}\",\"{\\\"DataType\\\":\\\"ItemData\\\",\\\"DataVersion\\\":0,\\\"GameVersion\\\":\\\"0.4.0f5\\\",\\\"ID\\\":\\\"\\\",\\\"Quantity\\\":0}\",\"{\\\"DataType\\\":\\\"ItemData\\\",\\\"DataVersion\\\":0,\\\"GameVersion\\\":\\\"0.4.0f5\\\",\\\"ID\\\":\\\"\\\",\\\"Quantity\\\":0}\",\"{\\\"DataType\\\":\\\"ItemData\\\",\\\"DataVersion\\\":0,\\\"GameVersion\\\":\\\"0.4.0f5\\\",\\\"ID\\\":\\\"\\\",\\\"Quantity\\\":0}\"],\"SlotFilters\":[{\"Type\":0,\"ItemIDs\":[],\"AllowedQualities\":[0,1,2,3,4]},{\"Type\":0,\"ItemIDs\":[],\"AllowedQualities\":[0,1,2,3,4]},{\"Type\":0,\"ItemIDs\":[],\"AllowedQualities\":[0,1,2,3,4]},{\"Type\":0,\"ItemIDs\":[],\"AllowedQualities\":[0,1,2,3,4]},{\"Type\":0,\"ItemIDs\":[],\"AllowedQualities\":[0,1,2,3,4]},{\"Type\":0,\"ItemIDs\":[],\"AllowedQualities\":[0,1,2,3,4]},{\"Type\":0,\"ItemIDs\":[],\"AllowedQualities\":[0,1,2,3,4]},{\"Type\":0,\"ItemIDs\":[],\"AllowedQualities\":[0,1,2,3,4]}]}}",
            "AdditionalDatas": []
        },
        {
            "DataType": "PlaceableStorageData",
            "DataVersion": 0,
            "GameVersion": "0.4.0f5",
            "BaseData": "{\"DataType\":\"PlaceableStorageData\",\"DataVersion\":0,\"GameVersion\":\"0.4.0f5\",\"GUID\":\"d7ee5191-f92e-41fd-a625-056080ae4b19\",\"ItemString\":\"{\\n    \\\"DataType\\\": \\\"ItemData\\\",\\n    \\\"DataVersion\\\": 0,\\n    \\\"GameVersion\\\": \\\"0.4.0f5\\\",\\n    \\\"ID\\\": \\\"largestoragerack\\\",\\n    \\\"Quantity\\\": 1\\n}\",\"LoadOrder\":0,\"GridGUID\":\"890b4b1a-139d-459d-86fe-78bc90f3adc6\",\"OriginCoordinate\":{\"x\":11.0,\"y\":1.0},\"Rotation\":180,\"Contents\":{\"Items\":[\"{\\\"DataType\\\":\\\"ItemData\\\",\\\"DataVersion\\\":0,\\\"GameVersion\\\":\\\"0.4.0f5\\\",\\\"ID\\\":\\\"\\\",\\\"Quantity\\\":0}\",\"{\\\"DataType\\\":\\\"ItemData\\\",\\\"DataVersion\\\":0,\\\"GameVersion\\\":\\\"0.4.0f5\\\",\\\"ID\\\":\\\"\\\",\\\"Quantity\\\":0}\",\"{\\\"DataType\\\":\\\"ItemData\\\",\\\"DataVersion\\\":0,\\\"GameVersion\\\":\\\"0.4.0f5\\\",\\\"ID\\\":\\\"\\\",\\\"Quantity\\\":0}\",\"{\\\"DataType\\\":\\\"ItemData\\\",\\\"DataVersion\\\":0,\\\"GameVersion\\\":\\\"0.4.0f5\\\",\\\"ID\\\":\\\"\\\",\\\"Quantity\\\":0}\",\"{\\\"DataType\\\":\\\"ItemData\\\",\\\"DataVersion\\\":0,\\\"GameVersion\\\":\\\"0.4.0f5\\\",\\\"ID\\\":\\\"\\\",\\\"Quantity\\\":0}\",\"{\\\"DataType\\\":\\\"ItemData\\\",\\\"DataVersion\\\":0,\\\"GameVersion\\\":\\\"0.4.0f5\\\",\\\"ID\\\":\\\"\\\",\\\"Quantity\\\":0}\",\"{\\\"DataType\\\":\\\"ItemData\\\",\\\"DataVersion\\\":0,\\\"GameVersion\\\":\\\"0.4.0f5\\\",\\\"ID\\\":\\\"\\\",\\\"Quantity\\\":0}\",\"{\\\"DataType\\\":\\\"ItemData\\\",\\\"DataVersion\\\":0,\\\"GameVersion\\\":\\\"0.4.0f5\\\",\\\"ID\\\":\\\"\\\",\\\"Quantity\\\":0}\"],\"SlotFilters\":[{\"Type\":0,\"ItemIDs\":[],\"AllowedQualities\":[0,1,2,3,4]},{\"Type\":0,\"ItemIDs\":[],\"AllowedQualities\":[0,1,2,3,4]},{\"Type\":0,\"ItemIDs\":[],\"AllowedQualities\":[0,1,2,3,4]},{\"Type\":0,\"ItemIDs\":[],\"AllowedQualities\":[0,1,2,3,4]},{\"Type\":0,\"ItemIDs\":[],\"AllowedQualities\":[0,1,2,3,4]},{\"Type\":0,\"ItemIDs\":[],\"AllowedQualities\":[0,1,2,3,4]},{\"Type\":0,\"ItemIDs\":[],\"AllowedQualities\":[0,1,2,3,4]},{\"Type\":0,\"ItemIDs\":[],\"AllowedQualities\":[0,1,2,3,4]}]}}",
            "AdditionalDatas": []
        },
        {
            "DataType": "PlaceableStorageData",
            "DataVersion": 0,
            "GameVersion": "0.4.0f5",
            "BaseData": "{\"DataType\":\"PlaceableStorageData\",\"DataVersion\":0,\"GameVersion\":\"0.4.0f5\",\"GUID\":\"c57a5f20-2e3a-4f5e-9039-e9e3494515e1\",\"ItemString\":\"{\\n    \\\"DataType\\\": \\\"ItemData\\\",\\n    \\\"DataVersion\\\": 0,\\n    \\\"GameVersion\\\": \\\"0.4.0f5\\\",\\n    \\\"ID\\\": \\\"largestoragerack\\\",\\n    \\\"Quantity\\\": 1\\n}\",\"LoadOrder\":0,\"GridGUID\":\"890b4b1a-139d-459d-86fe-78bc90f3adc6\",\"OriginCoordinate\":{\"x\":11.0,\"y\":0.0},\"Rotation\":180,\"Contents\":{\"Items\":[\"{\\\"DataType\\\":\\\"ItemData\\\",\\\"DataVersion\\\":0,\\\"GameVersion\\\":\\\"0.4.0f5\\\",\\\"ID\\\":\\\"\\\",\\\"Quantity\\\":0}\",\"{\\\"DataType\\\":\\\"ItemData\\\",\\\"DataVersion\\\":0,\\\"GameVersion\\\":\\\"0.4.0f5\\\",\\\"ID\\\":\\\"\\\",\\\"Quantity\\\":0}\",\"{\\\"DataType\\\":\\\"ItemData\\\",\\\"DataVersion\\\":0,\\\"GameVersion\\\":\\\"0.4.0f5\\\",\\\"ID\\\":\\\"\\\",\\\"Quantity\\\":0}\",\"{\\\"DataType\\\":\\\"ItemData\\\",\\\"DataVersion\\\":0,\\\"GameVersion\\\":\\\"0.4.0f5\\\",\\\"ID\\\":\\\"\\\",\\\"Quantity\\\":0}\",\"{\\\"DataType\\\":\\\"ItemData\\\",\\\"DataVersion\\\":0,\\\"GameVersion\\\":\\\"0.4.0f5\\\",\\\"ID\\\":\\\"\\\",\\\"Quantity\\\":0}\",\"{\\\"DataType\\\":\\\"ItemData\\\",\\\"DataVersion\\\":0,\\\"GameVersion\\\":\\\"0.4.0f5\\\",\\\"ID\\\":\\\"\\\",\\\"Quantity\\\":0}\",\"{\\\"DataType\\\":\\\"ItemData\\\",\\\"DataVersion\\\":0,\\\"GameVersion\\\":\\\"0.4.0f5\\\",\\\"ID\\\":\\\"\\\",\\\"Quantity\\\":0}\",\"{\\\"DataType\\\":\\\"ItemData\\\",\\\"DataVersion\\\":0,\\\"GameVersion\\\":\\\"0.4.0f5\\\",\\\"ID\\\":\\\"\\\",\\\"Quantity\\\":0}\"],\"SlotFilters\":[{\"Type\":0,\"ItemIDs\":[],\"AllowedQualities\":[0,1,2,3,4]},{\"Type\":0,\"ItemIDs\":[],\"AllowedQualities\":[0,1,2,3,4]},{\"Type\":0,\"ItemIDs\":[],\"AllowedQualities\":[0,1,2,3,4]},{\"Type\":0,\"ItemIDs\":[],\"AllowedQualities\":[0,1,2,3,4]},{\"Type\":0,\"ItemIDs\":[],\"AllowedQualities\":[0,1,2,3,4]},{\"Type\":0,\"ItemIDs\":[],\"AllowedQualities\":[0,1,2,3,4]},{\"Type\":0,\"ItemIDs\":[],\"AllowedQualities\":[0,1,2,3,4]},{\"Type\":0,\"ItemIDs\":[],\"AllowedQualities\":[0,1,2,3,4]}]}}",
            "AdditionalDatas": []
        },
        {
            "DataType": "PlaceableStorageData",
            "DataVersion": 0,
            "GameVersion": "0.4.0f5",
            "BaseData": "{\"DataType\":\"PlaceableStorageData\",\"DataVersion\":0,\"GameVersion\":\"0.4.0f5\",\"GUID\":\"96e42d6c-ec92-48e4-a460-a7e92078a210\",\"ItemString\":\"{\\n    \\\"DataType\\\": \\\"ItemData\\\",\\n    \\\"DataVersion\\\": 0,\\n    \\\"GameVersion\\\": \\\"0.4.0f5\\\",\\n    \\\"ID\\\": \\\"largestoragerack\\\",\\n    \\\"Quantity\\\": 1\\n}\",\"LoadOrder\":0,\"GridGUID\":\"890b4b1a-139d-459d-86fe-78bc90f3adc6\",\"OriginCoordinate\":{\"x\":0.0,\"y\":5.0},\"Rotation\":0,\"Contents\":{\"Items\":[\"{\\\"DataType\\\":\\\"ItemData\\\",\\\"DataVersion\\\":0,\\\"GameVersion\\\":\\\"0.4.0f5\\\",\\\"ID\\\":\\\"\\\",\\\"Quantity\\\":0}\",\"{\\\"DataType\\\":\\\"ItemData\\\",\\\"DataVersion\\\":0,\\\"GameVersion\\\":\\\"0.4.0f5\\\",\\\"ID\\\":\\\"\\\",\\\"Quantity\\\":0}\",\"{\\\"DataType\\\":\\\"ItemData\\\",\\\"DataVersion\\\":0,\\\"GameVersion\\\":\\\"0.4.0f5\\\",\\\"ID\\\":\\\"\\\",\\\"Quantity\\\":0}\",\"{\\\"DataType\\\":\\\"ItemData\\\",\\\"DataVersion\\\":0,\\\"GameVersion\\\":\\\"0.4.0f5\\\",\\\"ID\\\":\\\"\\\",\\\"Quantity\\\":0}\",\"{\\\"DataType\\\":\\\"ItemData\\\",\\\"DataVersion\\\":0,\\\"GameVersion\\\":\\\"0.4.0f5\\\",\\\"ID\\\":\\\"\\\",\\\"Quantity\\\":0}\",\"{\\\"DataType\\\":\\\"ItemData\\\",\\\"DataVersion\\\":0,\\\"GameVersion\\\":\\\"0.4.0f5\\\",\\\"ID\\\":\\\"\\\",\\\"Quantity\\\":0}\",\"{\\\"DataType\\\":\\\"ItemData\\\",\\\"DataVersion\\\":0,\\\"GameVersion\\\":\\\"0.4.0f5\\\",\\\"ID\\\":\\\"\\\",\\\"Quantity\\\":0}\",\"{\\\"DataType\\\":\\\"ItemData\\\",\\\"DataVersion\\\":0,\\\"GameVersion\\\":\\\"0.4.0f5\\\",\\\"ID\\\":\\\"\\\",\\\"Quantity\\\":0}\"],\"SlotFilters\":[{\"Type\":0,\"ItemIDs\":[],\"AllowedQualities\":[0,1,2,3,4]},{\"Type\":0,\"ItemIDs\":[],\"AllowedQualities\":[0,1,2,3,4]},{\"Type\":0,\"ItemIDs\":[],\"AllowedQualities\":[0,1,2,3,4]},{\"Type\":0,\"ItemIDs\":[],\"AllowedQualities\":[0,1,2,3,4]},{\"Type\":0,\"ItemIDs\":[],\"AllowedQualities\":[0,1,2,3,4]},{\"Type\":0,\"ItemIDs\":[],\"AllowedQualities\":[0,1,2,3,4]},{\"Type\":0,\"ItemIDs\":[],\"AllowedQualities\":[0,1,2,3,4]},{\"Type\":0,\"ItemIDs\":[],\"AllowedQualities\":[0,1,2,3,4]}]}}",
            "AdditionalDatas": []
        },
        {
            "DataType": "PlaceableStorageData",
            "DataVersion": 0,
            "GameVersion": "0.4.0f5",
            "BaseData": "{\"DataType\":\"PlaceableStorageData\",\"DataVersion\":0,\"GameVersion\":\"0.4.0f5\",\"GUID\":\"fc77a442-3021-4d26-a11d-f86fb3f70a54\",\"ItemString\":\"{\\n    \\\"DataType\\\": \\\"ItemData\\\",\\n    \\\"DataVersion\\\": 0,\\n    \\\"GameVersion\\\": \\\"0.4.0f5\\\",\\n    \\\"ID\\\": \\\"largestoragerack\\\",\\n    \\\"Quantity\\\": 1\\n}\",\"LoadOrder\":0,\"GridGUID\":\"890b4b1a-139d-459d-86fe-78bc90f3adc6\",\"OriginCoordinate\":{\"x\":0.0,\"y\":6.0},\"Rotation\":0,\"Contents\":{\"Items\":[\"{\\\"DataType\\\":\\\"WeedData\\\",\\\"DataVersion\\\":0,\\\"GameVersion\\\":\\\"0.4.0f5\\\",\\\"ID\\\":\\\"ogkush\\\",\\\"Quantity\\\":14,\\\"Quality\\\":\\\"Poor\\\",\\\"PackagingID\\\":\\\"\\\"}\",\"{\\\"DataType\\\":\\\"ItemData\\\",\\\"DataVersion\\\":0,\\\"GameVersion\\\":\\\"0.4.0f5\\\",\\\"ID\\\":\\\"\\\",\\\"Quantity\\\":0}\",\"{\\\"DataType\\\":\\\"ItemData\\\",\\\"DataVersion\\\":0,\\\"GameVersion\\\":\\\"0.4.0f5\\\",\\\"ID\\\":\\\"\\\",\\\"Quantity\\\":0}\",\"{\\\"DataType\\\":\\\"ItemData\\\",\\\"DataVersion\\\":0,\\\"GameVersion\\\":\\\"0.4.0f5\\\",\\\"ID\\\":\\\"\\\",\\\"Quantity\\\":0}\",\"{\\\"DataType\\\":\\\"ItemData\\\",\\\"DataVersion\\\":0,\\\"GameVersion\\\":\\\"0.4.0f5\\\",\\\"ID\\\":\\\"\\\",\\\"Quantity\\\":0}\",\"{\\\"DataType\\\":\\\"ItemData\\\",\\\"DataVersion\\\":0,\\\"GameVersion\\\":\\\"0.4.0f5\\\",\\\"ID\\\":\\\"\\\",\\\"Quantity\\\":0}\",\"{\\\"DataType\\\":\\\"ItemData\\\",\\\"DataVersion\\\":0,\\\"GameVersion\\\":\\\"0.4.0f5\\\",\\\"ID\\\":\\\"\\\",\\\"Quantity\\\":0}\",\"{\\\"DataType\\\":\\\"ItemData\\\",\\\"DataVersion\\\":0,\\\"GameVersion\\\":\\\"0.4.0f5\\\",\\\"ID\\\":\\\"\\\",\\\"Quantity\\\":0}\"],\"SlotFilters\":[{\"Type\":0,\"ItemIDs\":[],\"AllowedQualities\":[0,1,2,3,4]},{\"Type\":0,\"ItemIDs\":[],\"AllowedQualities\":[0,1,2,3,4]},{\"Type\":0,\"ItemIDs\":[],\"AllowedQualities\":[0,1,2,3,4]},{\"Type\":0,\"ItemIDs\":[],\"AllowedQualities\":[0,1,2,3,4]},{\"Type\":0,\"ItemIDs\":[],\"AllowedQualities\":[0,1,2,3,4]},{\"Type\":0,\"ItemIDs\":[],\"AllowedQualities\":[0,1,2,3,4]},{\"Type\":0,\"ItemIDs\":[],\"AllowedQualities\":[0,1,2,3,4]},{\"Type\":0,\"ItemIDs\":[],\"AllowedQualities\":[0,1,2,3,4]}]}}",
            "AdditionalDatas": []
        },
        {
            "DataType": "PlaceableStorageData",
            "DataVersion": 0,
            "GameVersion": "0.4.0f5",
            "BaseData": "{\"DataType\":\"PlaceableStorageData\",\"DataVersion\":0,\"GameVersion\":\"0.4.0f5\",\"GUID\":\"046edfb6-c0e9-4eae-802c-5c01a6e0a4d8\",\"ItemString\":\"{\\n    \\\"DataType\\\": \\\"ItemData\\\",\\n    \\\"DataVersion\\\": 0,\\n    \\\"GameVersion\\\": \\\"0.4.0f5\\\",\\n    \\\"ID\\\": \\\"largestoragerack\\\",\\n    \\\"Quantity\\\": 1\\n}\",\"LoadOrder\":0,\"GridGUID\":\"890b4b1a-139d-459d-86fe-78bc90f3adc6\",\"OriginCoordinate\":{\"x\":0.0,\"y\":4.0},\"Rotation\":0,\"Contents\":{\"Items\":[\"{\\\"DataType\\\":\\\"WateringCanData\\\",\\\"DataVersion\\\":0,\\\"GameVersion\\\":\\\"0.4.0f5\\\",\\\"ID\\\":\\\"wateringcan\\\",\\\"Quantity\\\":1,\\\"CurrentFillAmount\\\":15.0}\",\"{\\\"DataType\\\":\\\"ItemData\\\",\\\"DataVersion\\\":0,\\\"GameVersion\\\":\\\"0.4.0f5\\\",\\\"ID\\\":\\\"electrictrimmers\\\",\\\"Quantity\\\":1}\",\"{\\\"DataType\\\":\\\"ItemData\\\",\\\"DataVersion\\\":0,\\\"GameVersion\\\":\\\"0.4.0f5\\\",\\\"ID\\\":\\\"\\\",\\\"Quantity\\\":0}\",\"{\\\"DataType\\\":\\\"ItemData\\\",\\\"DataVersion\\\":0,\\\"GameVersion\\\":\\\"0.4.0f5\\\",\\\"ID\\\":\\\"\\\",\\\"Quantity\\\":0}\",\"{\\\"DataType\\\":\\\"ItemData\\\",\\\"DataVersion\\\":0,\\\"GameVersion\\\":\\\"0.4.0f5\\\",\\\"ID\\\":\\\"extralonglifesoil\\\",\\\"Quantity\\\":2}\",\"{\\\"DataType\\\":\\\"ItemData\\\",\\\"DataVersion\\\":0,\\\"GameVersion\\\":\\\"0.4.0f5\\\",\\\"ID\\\":\\\"pgr\\\",\\\"Quantity\\\":6}\",\"{\\\"DataType\\\":\\\"IntegerItemData\\\",\\\"DataVersion\\\":0,\\\"GameVersion\\\":\\\"0.4.0f5\\\",\\\"ID\\\":\\\"m1911mag\\\",\\\"Quantity\\\":1,\\\"Value\\\":4}\",\"{\\\"DataType\\\":\\\"ItemData\\\",\\\"DataVersion\\\":0,\\\"GameVersion\\\":\\\"0.4.0f5\\\",\\\"ID\\\":\\\"\\\",\\\"Quantity\\\":0}\"],\"SlotFilters\":[{\"Type\":0,\"ItemIDs\":[],\"AllowedQualities\":[0,1,2,3,4]},{\"Type\":0,\"ItemIDs\":[],\"AllowedQualities\":[0,1,2,3,4]},{\"Type\":0,\"ItemIDs\":[],\"AllowedQualities\":[0,1,2,3,4]},{\"Type\":0,\"ItemIDs\":[],\"AllowedQualities\":[0,1,2,3,4]},{\"Type\":0,\"ItemIDs\":[],\"AllowedQualities\":[0,1,2,3,4]},{\"Type\":0,\"ItemIDs\":[],\"AllowedQualities\":[0,1,2,3,4]},{\"Type\":0,\"ItemIDs\":[],\"AllowedQualities\":[0,1,2,3,4]},{\"Type\":0,\"ItemIDs\":[],\"AllowedQualities\":[0,1,2,3,4]}]}}",
            "AdditionalDatas": []
        },
        {
            "DataType": "ToggleableItemData",
            "DataVersion": 0,
            "GameVersion": "0.4.0f5",
            "BaseData": "{\"DataType\":\"ToggleableItemData\",\"DataVersion\":0,\"GameVersion\":\"0.4.0f5\",\"GUID\":\"8e0918af-8797-4c25-a272-7d2f31978e3d\",\"ItemString\":\"{\\n    \\\"DataType\\\": \\\"ItemData\\\",\\n    \\\"DataVersion\\\": 0,\\n    \\\"GameVersion\\\": \\\"0.4.0f5\\\",\\n    \\\"ID\\\": \\\"floorlamp\\\",\\n    \\\"Quantity\\\": 1\\n}\",\"LoadOrder\":0,\"GridGUID\":\"890b4b1a-139d-459d-86fe-78bc90f3adc6\",\"OriginCoordinate\":{\"x\":0.0,\"y\":11.0},\"Rotation\":0,\"IsOn\":true}",
            "AdditionalDatas": []
        },
        {
            "DataType": "PotData",
            "DataVersion": 0,
            "GameVersion": "0.4.0f5",
            "BaseData": "{\"DataType\":\"PotData\",\"DataVersion\":0,\"GameVersion\":\"0.4.0f5\",\"GUID\":\"ad682ed0-d14b-41b0-90c1-72947c308a6e\",\"ItemString\":\"{\\n    \\\"DataType\\\": \\\"ItemData\\\",\\n    \\\"DataVersion\\\": 0,\\n    \\\"GameVersion\\\": \\\"0.4.0f5\\\",\\n    \\\"ID\\\": \\\"growtent\\\",\\n    \\\"Quantity\\\": 1\\n}\",\"LoadOrder\":0,\"GridGUID\":\"d47666ba-6076-4779-9c8a-ffede5ff83ad\",\"OriginCoordinate\":{\"x\":5.0,\"y\":11.0},\"Rotation\":180,\"SoilID\":\"extralonglifesoil\",\"SoilLevel\":20.0,\"RemainingSoilUses\":1,\"WaterLevel\":3.791680335998535,\"AppliedAdditives\":[],\"PlantData\":{\"DataType\":\"PlantData\",\"DataVersion\":0,\"GameVersion\":\"0.4.0f5\",\"SeedID\":\"\",\"GrowthProgress\":0.0,\"YieldLevel\":0.0,\"QualityLevel\":0.0,\"ActiveBuds\":[]}}",
            "AdditionalDatas": []
        },
        {
            "DataType": "PotData",
            "DataVersion": 0,
            "GameVersion": "0.4.0f5",
            "BaseData": "{\"DataType\":\"PotData\",\"DataVersion\":0,\"GameVersion\":\"0.4.0f5\",\"GUID\":\"e4d4a31f-0778-4f35-9ada-29d6ed8a5331\",\"ItemString\":\"{\\n    \\\"DataType\\\": \\\"ItemData\\\",\\n    \\\"DataVersion\\\": 0,\\n    \\\"GameVersion\\\": \\\"0.4.0f5\\\",\\n    \\\"ID\\\": \\\"growtent\\\",\\n    \\\"Quantity\\\": 1\\n}\",\"LoadOrder\":0,\"GridGUID\":\"d47666ba-6076-4779-9c8a-ffede5ff83ad\",\"OriginCoordinate\":{\"x\":0.0,\"y\":7.0},\"Rotation\":90,\"SoilID\":\"extralonglifesoil\",\"SoilLevel\":20.0,\"RemainingSoilUses\":3,\"WaterLevel\":0.7708358764648438,\"AppliedAdditives\":[],\"PlantData\":{\"DataType\":\"PlantData\",\"DataVersion\":0,\"GameVersion\":\"0.4.0f5\",\"SeedID\":\"\",\"GrowthProgress\":0.0,\"YieldLevel\":0.0,\"QualityLevel\":0.0,\"ActiveBuds\":[]}}",
            "AdditionalDatas": []
        },
        {
            "DataType": "PotData",
            "DataVersion": 0,
            "GameVersion": "0.4.0f5",
            "BaseData": "{\"DataType\":\"PotData\",\"DataVersion\":0,\"GameVersion\":\"0.4.0f5\",\"GUID\":\"15331695-60e2-4cc4-bf82-163174b3c5ff\",\"ItemString\":\"{\\n    \\\"DataType\\\": \\\"ItemData\\\",\\n    \\\"DataVersion\\\": 0,\\n    \\\"GameVersion\\\": \\\"0.4.0f5\\\",\\n    \\\"ID\\\": \\\"growtent\\\",\\n    \\\"Quantity\\\": 1\\n}\",\"LoadOrder\":0,\"GridGUID\":\"d47666ba-6076-4779-9c8a-ffede5ff83ad\",\"OriginCoordinate\":{\"x\":3.0,\"y\":11.0},\"Rotation\":180,\"SoilID\":\"extralonglifesoil\",\"SoilLevel\":20.0,\"RemainingSoilUses\":1,\"WaterLevel\":3.697929620742798,\"AppliedAdditives\":[],\"PlantData\":{\"DataType\":\"PlantData\",\"DataVersion\":0,\"GameVersion\":\"0.4.0f5\",\"SeedID\":\"\",\"GrowthProgress\":0.0,\"YieldLevel\":0.0,\"QualityLevel\":0.0,\"ActiveBuds\":[]}}",
            "AdditionalDatas": []
        },
        {
            "DataType": "SoilPourerData",
            "DataVersion": 0,
            "GameVersion": "0.4.0f5",
            "BaseData": "{\"DataType\":\"SoilPourerData\",\"DataVersion\":0,\"GameVersion\":\"0.4.0f5\",\"GUID\":\"73c5fa42-912c-4c24-a9ab-1f0ca8e3f1c9\",\"ItemString\":\"{\\n    \\\"DataType\\\": \\\"ItemData\\\",\\n    \\\"DataVersion\\\": 0,\\n    \\\"GameVersion\\\": \\\"0.4.0f5\\\",\\n    \\\"ID\\\": \\\"soilpourer\\\",\\n    \\\"Quantity\\\": 1\\n}\",\"LoadOrder\":0,\"GridGUID\":\"d47666ba-6076-4779-9c8a-ffede5ff83ad\",\"OriginCoordinate\":{\"x\":6.0,\"y\":10.0},\"Rotation\":-90,\"SoilID\":\"extralonglifesoil\"}",
            "AdditionalDatas": []
        },
        {
            "DataType": "SoilPourerData",
            "DataVersion": 0,
            "GameVersion": "0.4.0f5",
            "BaseData": "{\"DataType\":\"SoilPourerData\",\"DataVersion\":0,\"GameVersion\":\"0.4.0f5\",\"GUID\":\"0be0f931-82e6-497e-b70b-2cf8e983ac2c\",\"ItemString\":\"{\\n    \\\"DataType\\\": \\\"ItemData\\\",\\n    \\\"DataVersion\\\": 0,\\n    \\\"GameVersion\\\": \\\"0.4.0f5\\\",\\n    \\\"ID\\\": \\\"soilpourer\\\",\\n    \\\"Quantity\\\": 1\\n}\",\"LoadOrder\":0,\"GridGUID\":\"d47666ba-6076-4779-9c8a-ffede5ff83ad\",\"OriginCoordinate\":{\"x\":2.0,\"y\":8.0},\"Rotation\":-90,\"SoilID\":\"extralonglifesoil\"}",
            "AdditionalDatas": []
        },
        {
            "DataType": "LabelledSurfaceItemData",
            "DataVersion": 0,
            "GameVersion": "0.4.0f5",
            "BaseData": "{\"DataType\":\"LabelledSurfaceItemData\",\"DataVersion\":0,\"GameVersion\":\"0.4.0f5\",\"GUID\":\"ea2ee26a-597f-4f89-96ee-2d3542a9c094\",\"ItemString\":\"{\\n    \\\"DataType\\\": \\\"ItemData\\\",\\n    \\\"DataVersion\\\": 0,\\n    \\\"GameVersion\\\": \\\"0.4.0f5\\\",\\n    \\\"ID\\\": \\\"metalsign\\\",\\n    \\\"Quantity\\\": 1\\n}\",\"LoadOrder\":0,\"ParentSurfaceGUID\":\"748ac1ee-7c2b-44fe-8630-5beb28d9812d\",\"RelativePosition\":{\"x\":-0.07499668002128601,\"y\":0.1223301887512207,\"z\":0.765129566192627},\"RelativeRotation\":{\"x\":0.5068441033363342,\"y\":-0.49677348136901858,\"z\":-0.49677348136901858,\"w\":0.4995410144329071},\"Message\":\"Your Message Here\"}",
            "AdditionalDatas": []
        },
        {
            "DataType": "PlaceableStorageData",
            "DataVersion": 0,
            "GameVersion": "0.4.0f5",
            "BaseData": "{\"DataType\":\"PlaceableStorageData\",\"DataVersion\":0,\"GameVersion\":\"0.4.0f5\",\"GUID\":\"6475db22-c2f2-4be4-a299-cf4e99a50988\",\"ItemString\":\"{\\n    \\\"DataType\\\": \\\"ItemData\\\",\\n    \\\"DataVersion\\\": 0,\\n    \\\"GameVersion\\\": \\\"0.4.0f5\\\",\\n    \\\"ID\\\": \\\"mediumstoragerack\\\",\\n    \\\"Quantity\\\": 1\\n}\",\"LoadOrder\":0,\"GridGUID\":\"d47666ba-6076-4779-9c8a-ffede5ff83ad\",\"OriginCoordinate\":{\"x\":0.0,\"y\":0.0},\"Rotation\":0,\"Contents\":{\"Items\":[\"{\\\"DataType\\\":\\\"ItemData\\\",\\\"DataVersion\\\":0,\\\"GameVersion\\\":\\\"0.4.0f5\\\",\\\"ID\\\":\\\"trimmers\\\",\\\"Quantity\\\":1}\",\"{\\\"DataType\\\":\\\"ItemData\\\",\\\"DataVersion\\\":0,\\\"GameVersion\\\":\\\"0.4.0f5\\\",\\\"ID\\\":\\\"extralonglifesoil\\\",\\\"Quantity\\\":1}\",\"{\\\"DataType\\\":\\\"ItemData\\\",\\\"DataVersion\\\":0,\\\"GameVersion\\\":\\\"0.4.0f5\\\",\\\"ID\\\":\\\"pgr\\\",\\\"Quantity\\\":2}\",\"{\\\"DataType\\\":\\\"ItemData\\\",\\\"DataVersion\\\":0,\\\"GameVersion\\\":\\\"0.4.0f5\\\",\\\"ID\\\":\\\"trashcan\\\",\\\"Quantity\\\":2}\",\"{\\\"DataType\\\":\\\"TrashGrabberData\\\",\\\"DataVersion\\\":0,\\\"GameVersion\\\":\\\"0.4.0f5\\\",\\\"ID\\\":\\\"trashgrabber\\\",\\\"Quantity\\\":1,\\\"Content\\\":{\\\"TrashIDs\\\":[],\\\"TrashQuantities\\\":[]}}\",\"{\\\"DataType\\\":\\\"ItemData\\\",\\\"DataVersion\\\":0,\\\"GameVersion\\\":\\\"0.4.0f5\\\",\\\"ID\\\":\\\"acid\\\",\\\"Quantity\\\":1}\"],\"SlotFilters\":[{\"Type\":0,\"ItemIDs\":[],\"AllowedQualities\":[0,1,2,3,4]},{\"Type\":0,\"ItemIDs\":[],\"AllowedQualities\":[0,1,2,3,4]},{\"Type\":0,\"ItemIDs\":[],\"AllowedQualities\":[0,1,2,3,4]},{\"Type\":0,\"ItemIDs\":[],\"AllowedQualities\":[0,1,2,3,4]},{\"Type\":0,\"ItemIDs\":[],\"AllowedQualities\":[0,1,2,3,4]},{\"Type\":0,\"ItemIDs\":[],\"AllowedQualities\":[0,1,2,3,4]}]}}",
            "AdditionalDatas": []
        },
        {
            "DataType": "PlaceableStorageData",
            "DataVersion": 0,
            "GameVersion": "0.4.0f5",
            "BaseData": "{\"DataType\":\"PlaceableStorageData\",\"DataVersion\":0,\"GameVersion\":\"0.4.0f5\",\"GUID\":\"90e628be-e172-45e9-9a08-e423bf98d6a5\",\"ItemString\":\"{\\n    \\\"DataType\\\": \\\"ItemData\\\",\\n    \\\"DataVersion\\\": 0,\\n    \\\"GameVersion\\\": \\\"0.4.0f5\\\",\\n    \\\"ID\\\": \\\"mediumstoragerack\\\",\\n    \\\"Quantity\\\": 1\\n}\",\"LoadOrder\":0,\"GridGUID\":\"0fc3eff1-af4f-471f-9c19-795996b7fdab\",\"OriginCoordinate\":{\"x\":0.0,\"y\":9.0},\"Rotation\":90,\"Contents\":{\"Items\":[\"{\\\"DataType\\\":\\\"ItemData\\\",\\\"DataVersion\\\":0,\\\"GameVersion\\\":\\\"0.4.0f5\\\",\\\"ID\\\":\\\"viagor\\\",\\\"Quantity\\\":20}\",\"{\\\"DataType\\\":\\\"ItemData\\\",\\\"DataVersion\\\":0,\\\"GameVersion\\\":\\\"0.4.0f5\\\",\\\"ID\\\":\\\"iodine\\\",\\\"Quantity\\\":4}\",\"{\\\"DataType\\\":\\\"ItemData\\\",\\\"DataVersion\\\":0,\\\"GameVersion\\\":\\\"0.4.0f5\\\",\\\"ID\\\":\\\"chili\\\",\\\"Quantity\\\":5}\",\"{\\\"DataType\\\":\\\"WeedData\\\",\\\"DataVersion\\\":0,\\\"GameVersion\\\":\\\"0.4.0f5\\\",\\\"ID\\\":\\\"granddaddypurple\\\",\\\"Quantity\\\":1,\\\"Quality\\\":\\\"Standard\\\",\\\"PackagingID\\\":\\\"baggie\\\"}\",\"{\\\"DataType\\\":\\\"ItemData\\\",\\\"DataVersion\\\":0,\\\"GameVersion\\\":\\\"0.4.0f5\\\",\\\"ID\\\":\\\"viagor\\\",\\\"Quantity\\\":10}\",\"{\\\"DataType\\\":\\\"WeedData\\\",\\\"DataVersion\\\":0,\\\"GameVersion\\\":\\\"0.4.0f5\\\",\\\"ID\\\":\\\"ogkush\\\",\\\"Quantity\\\":20,\\\"Quality\\\":\\\"Poor\\\",\\\"PackagingID\\\":\\\"\\\"}\"],\"SlotFilters\":[{\"Type\":0,\"ItemIDs\":[],\"AllowedQualities\":[0,1,2,3,4]},{\"Type\":0,\"ItemIDs\":[],\"AllowedQualities\":[0,1,2,3,4]},{\"Type\":0,\"ItemIDs\":[],\"AllowedQualities\":[0,1,2,3,4]},{\"Type\":0,\"ItemIDs\":[],\"AllowedQualities\":[0,1,2,3,4]},{\"Type\":0,\"ItemIDs\":[],\"AllowedQualities\":[0,1,2,3,4]},{\"Type\":0,\"ItemIDs\":[],\"AllowedQualities\":[0,1,2,3,4]}]}}",
            "AdditionalDatas": []
        },
        {
            "DataType": "MixingStationData",
            "DataVersion": 0,
            "GameVersion": "0.4.0f5",
            "BaseData": "{\"DataType\":\"MixingStationData\",\"DataVersion\":0,\"GameVersion\":\"0.4.0f5\",\"GUID\":\"481ae31d-1ca7-4fdc-983f-1b31277ba103\",\"ItemString\":\"{\\n    \\\"DataType\\\": \\\"ItemData\\\",\\n    \\\"DataVersion\\\": 0,\\n    \\\"GameVersion\\\": \\\"0.4.0f5\\\",\\n    \\\"ID\\\": \\\"mixingstation\\\",\\n    \\\"Quantity\\\": 1\\n}\",\"LoadOrder\":0,\"GridGUID\":\"0fc3eff1-af4f-471f-9c19-795996b7fdab\",\"OriginCoordinate\":{\"x\":4.0,\"y\":11.0},\"Rotation\":180,\"ProductContents\":{\"Items\":[\"{\\\"DataType\\\":\\\"ItemData\\\",\\\"DataVersion\\\":0,\\\"GameVersion\\\":\\\"0.4.0f5\\\",\\\"ID\\\":\\\"\\\",\\\"Quantity\\\":0}\"],\"SlotFilters\":[{\"Type\":0,\"ItemIDs\":[],\"AllowedQualities\":[0,1,2,3,4]}]},\"MixerContents\":{\"Items\":[\"{\\\"DataType\\\":\\\"ItemData\\\",\\\"DataVersion\\\":0,\\\"GameVersion\\\":\\\"0.4.0f5\\\",\\\"ID\\\":\\\"\\\",\\\"Quantity\\\":0}\"],\"SlotFilters\":[{\"Type\":0,\"ItemIDs\":[],\"AllowedQualities\":[0,1,2,3,4]}]},\"OutputContents\":{\"Items\":[\"{\\\"DataType\\\":\\\"ItemData\\\",\\\"DataVersion\\\":0,\\\"GameVersion\\\":\\\"0.4.0f5\\\",\\\"ID\\\":\\\"\\\",\\\"Quantity\\\":0}\"],\"SlotFilters\":[{\"Type\":0,\"ItemIDs\":[],\"AllowedQualities\":[0,1,2,3,4]}]},\"CurrentMixOperation\":{\"ProductID\":\"\",\"ProductQuality\":0,\"IngredientID\":\"\",\"Quantity\":0},\"CurrentMixTime\":0}",
            "AdditionalDatas": []
        },
        {
            "DataType": "PlaceableStorageData",
            "DataVersion": 0,
            "GameVersion": "0.4.0f5",
            "BaseData": "{\"DataType\":\"PlaceableStorageData\",\"DataVersion\":0,\"GameVersion\":\"0.4.0f5\",\"GUID\":\"e89403e4-022f-4844-addc-56525fb8fa1f\",\"ItemString\":\"{\\n    \\\"DataType\\\": \\\"ItemData\\\",\\n    \\\"DataVersion\\\": 0,\\n    \\\"GameVersion\\\": \\\"0.4.0f5\\\",\\n    \\\"ID\\\": \\\"locker\\\",\\n    \\\"Quantity\\\": 1\\n}\",\"LoadOrder\":0,\"GridGUID\":\"d47666ba-6076-4779-9c8a-ffede5ff83ad\",\"OriginCoordinate\":{\"x\":11.0,\"y\":0.0},\"Rotation\":-90,\"Contents\":{\"Items\":[\"{\\\"DataType\\\":\\\"ItemData\\\",\\\"DataVersion\\\":0,\\\"GameVersion\\\":\\\"0.4.0f5\\\",\\\"ID\\\":\\\"\\\",\\\"Quantity\\\":0}\",\"{\\\"DataType\\\":\\\"ItemData\\\",\\\"DataVersion\\\":0,\\\"GameVersion\\\":\\\"0.4.0f5\\\",\\\"ID\\\":\\\"\\\",\\\"Quantity\\\":0}\",\"{\\\"DataType\\\":\\\"ItemData\\\",\\\"DataVersion\\\":0,\\\"GameVersion\\\":\\\"0.4.0f5\\\",\\\"ID\\\":\\\"\\\",\\\"Quantity\\\":0}\",\"{\\\"DataType\\\":\\\"ItemData\\\",\\\"DataVersion\\\":0,\\\"GameVersion\\\":\\\"0.4.0f5\\\",\\\"ID\\\":\\\"\\\",\\\"Quantity\\\":0}\",\"{\\\"DataType\\\":\\\"ItemData\\\",\\\"DataVersion\\\":0,\\\"GameVersion\\\":\\\"0.4.0f5\\\",\\\"ID\\\":\\\"\\\",\\\"Quantity\\\":0}\",\"{\\\"DataType\\\":\\\"ItemData\\\",\\\"DataVersion\\\":0,\\\"GameVersion\\\":\\\"0.4.0f5\\\",\\\"ID\\\":\\\"\\\",\\\"Quantity\\\":0}\"],\"SlotFilters\":[{\"Type\":0,\"ItemIDs\":[],\"AllowedQualities\":[0,1,2,3,4]},{\"Type\":0,\"ItemIDs\":[],\"AllowedQualities\":[0,1,2,3,4]},{\"Type\":0,\"ItemIDs\":[],\"AllowedQualities\":[0,1,2,3,4]},{\"Type\":0,\"ItemIDs\":[],\"AllowedQualities\":[0,1,2,3,4]},{\"Type\":0,\"ItemIDs\":[],\"AllowedQualities\":[0,1,2,3,4]},{\"Type\":0,\"ItemIDs\":[],\"AllowedQualities\":[0,1,2,3,4]}]}}",
            "AdditionalDatas": []
        },
        {
            "DataType": "PlaceableStorageData",
            "DataVersion": 0,
            "GameVersion": "0.4.0f5",
            "BaseData": "{\"DataType\":\"PlaceableStorageData\",\"DataVersion\":0,\"GameVersion\":\"0.4.0f5\",\"GUID\":\"17c43978-4eca-4aa1-ae0c-ae67a2994af5\",\"ItemString\":\"{\\n    \\\"DataType\\\": \\\"ItemData\\\",\\n    \\\"DataVersion\\\": 0,\\n    \\\"GameVersion\\\": \\\"0.4.0f5\\\",\\n    \\\"ID\\\": \\\"largestoragerack\\\",\\n    \\\"Quantity\\\": 1\\n}\",\"LoadOrder\":0,\"GridGUID\":\"0fc3eff1-af4f-471f-9c19-795996b7fdab\",\"OriginCoordinate\":{\"x\":11.0,\"y\":4.0},\"Rotation\":-90,\"Contents\":{\"Items\":[\"{\\\"DataType\\\":\\\"ItemData\\\",\\\"DataVersion\\\":0,\\\"GameVersion\\\":\\\"0.4.0f5\\\",\\\"ID\\\":\\\"baggie\\\",\\\"Quantity\\\":5}\",\"{\\\"DataType\\\":\\\"ItemData\\\",\\\"DataVersion\\\":0,\\\"GameVersion\\\":\\\"0.4.0f5\\\",\\\"ID\\\":\\\"\\\",\\\"Quantity\\\":0}\",\"{\\\"DataType\\\":\\\"ItemData\\\",\\\"DataVersion\\\":0,\\\"GameVersion\\\":\\\"0.4.0f5\\\",\\\"ID\\\":\\\"\\\",\\\"Quantity\\\":0}\",\"{\\\"DataType\\\":\\\"ItemData\\\",\\\"DataVersion\\\":0,\\\"GameVersion\\\":\\\"0.4.0f5\\\",\\\"ID\\\":\\\"\\\",\\\"Quantity\\\":0}\",\"{\\\"DataType\\\":\\\"ItemData\\\",\\\"DataVersion\\\":0,\\\"GameVersion\\\":\\\"0.4.0f5\\\",\\\"ID\\\":\\\"\\\",\\\"Quantity\\\":0}\",\"{\\\"DataType\\\":\\\"ItemData\\\",\\\"DataVersion\\\":0,\\\"GameVersion\\\":\\\"0.4.0f5\\\",\\\"ID\\\":\\\"\\\",\\\"Quantity\\\":0}\",\"{\\\"DataType\\\":\\\"ItemData\\\",\\\"DataVersion\\\":0,\\\"GameVersion\\\":\\\"0.4.0f5\\\",\\\"ID\\\":\\\"\\\",\\\"Quantity\\\":0}\",\"{\\\"DataType\\\":\\\"ItemData\\\",\\\"DataVersion\\\":0,\\\"GameVersion\\\":\\\"0.4.0f5\\\",\\\"ID\\\":\\\"\\\",\\\"Quantity\\\":0}\"],\"SlotFilters\":[{\"Type\":0,\"ItemIDs\":[],\"AllowedQualities\":[0,1,2,3,4]},{\"Type\":0,\"ItemIDs\":[],\"AllowedQualities\":[0,1,2,3,4]},{\"Type\":0,\"ItemIDs\":[],\"AllowedQualities\":[0,1,2,3,4]},{\"Type\":0,\"ItemIDs\":[],\"AllowedQualities\":[0,1,2,3,4]},{\"Type\":0,\"ItemIDs\":[],\"AllowedQualities\":[0,1,2,3,4]},{\"Type\":0,\"ItemIDs\":[],\"AllowedQualities\":[0,1,2,3,4]},{\"Type\":0,\"ItemIDs\":[],\"AllowedQualities\":[0,1,2,3,4]},{\"Type\":0,\"ItemIDs\":[],\"AllowedQualities\":[0,1,2,3,4]}]}}",
            "AdditionalDatas": []
        },
        {
            "DataType": "GridItemData",
            "DataVersion": 0,
            "GameVersion": "0.4.0f5",
            "BaseData": "{\"DataType\":\"GridItemData\",\"DataVersion\":0,\"GameVersion\":\"0.4.0f5\",\"GUID\":\"98ec75c7-b0d9-47a9-b28e-92033a053b60\",\"ItemString\":\"{\\n    \\\"DataType\\\": \\\"ItemData\\\",\\n    \\\"DataVersion\\\": 0,\\n    \\\"GameVersion\\\": \\\"0.4.0f5\\\",\\n    \\\"ID\\\": \\\"suspensionrack\\\",\\n    \\\"Quantity\\\": 1\\n}\",\"LoadOrder\":0,\"GridGUID\":\"d47666ba-6076-4779-9c8a-ffede5ff83ad\",\"OriginCoordinate\":{\"x\":10.0,\"y\":7.0},\"Rotation\":0}",
            "AdditionalDatas": []
        },
        {
            "DataType": "GridItemData",
            "DataVersion": 0,
            "GameVersion": "0.4.0f5",
            "BaseData": "{\"DataType\":\"GridItemData\",\"DataVersion\":0,\"GameVersion\":\"0.4.0f5\",\"GUID\":\"6c52eaab-4847-437c-ae24-bfb1dd488528\",\"ItemString\":\"{\\n    \\\"DataType\\\": \\\"ItemData\\\",\\n    \\\"DataVersion\\\": 0,\\n    \\\"GameVersion\\\": \\\"0.4.0f5\\\",\\n    \\\"ID\\\": \\\"suspensionrack\\\",\\n    \\\"Quantity\\\": 1\\n}\",\"LoadOrder\":0,\"GridGUID\":\"d47666ba-6076-4779-9c8a-ffede5ff83ad\",\"OriginCoordinate\":{\"x\":10.0,\"y\":5.0},\"Rotation\":0}",
            "AdditionalDatas": []
        },
        {
            "DataType": "GridItemData",
            "DataVersion": 0,
            "GameVersion": "0.4.0f5",
            "BaseData": "{\"DataType\":\"GridItemData\",\"DataVersion\":0,\"GameVersion\":\"0.4.0f5\",\"GUID\":\"a4643235-f9eb-4fb0-a8a4-c89e69833fe5\",\"ItemString\":\"{\\n    \\\"DataType\\\": \\\"ItemData\\\",\\n    \\\"DataVersion\\\": 0,\\n    \\\"GameVersion\\\": \\\"0.4.0f5\\\",\\n    \\\"ID\\\": \\\"suspensionrack\\\",\\n    \\\"Quantity\\\": 1\\n}\",\"LoadOrder\":0,\"GridGUID\":\"d47666ba-6076-4779-9c8a-ffede5ff83ad\",\"OriginCoordinate\":{\"x\":10.0,\"y\":3.0},\"Rotation\":0}",
            "AdditionalDatas": []
        },
        {
            "DataType": "PotData",
            "DataVersion": 0,
            "GameVersion": "0.4.0f5",
            "BaseData": "{\"DataType\":\"PotData\",\"DataVersion\":0,\"GameVersion\":\"0.4.0f5\",\"GUID\":\"315def00-e586-494a-90fe-ebec64f9df2f\",\"ItemString\":\"{\\n    \\\"DataType\\\": \\\"ItemData\\\",\\n    \\\"DataVersion\\\": 0,\\n    \\\"GameVersion\\\": \\\"0.4.0f5\\\",\\n    \\\"ID\\\": \\\"plasticpot\\\",\\n    \\\"Quantity\\\": 1\\n}\",\"LoadOrder\":0,\"GridGUID\":\"d47666ba-6076-4779-9c8a-ffede5ff83ad\",\"OriginCoordinate\":{\"x\":11.0,\"y\":7.0},\"Rotation\":-90,\"SoilID\":\"extralonglifesoil\",\"SoilLevel\":20.0,\"RemainingSoilUses\":3,\"WaterLevel\":2.364586114883423,\"AppliedAdditives\":[],\"PlantData\":{\"DataType\":\"PlantData\",\"DataVersion\":0,\"GameVersion\":\"0.4.0f5\",\"SeedID\":\"\",\"GrowthProgress\":0.0,\"YieldLevel\":0.0,\"QualityLevel\":0.0,\"ActiveBuds\":[]}}",
            "AdditionalDatas": []
        },
        {
            "DataType": "PotData",
            "DataVersion": 0,
            "GameVersion": "0.4.0f5",
            "BaseData": "{\"DataType\":\"PotData\",\"DataVersion\":0,\"GameVersion\":\"0.4.0f5\",\"GUID\":\"936c96e7-b4a3-4645-9c6a-abf37cba129a\",\"ItemString\":\"{\\n    \\\"DataType\\\": \\\"ItemData\\\",\\n    \\\"DataVersion\\\": 0,\\n    \\\"GameVersion\\\": \\\"0.4.0f5\\\",\\n    \\\"ID\\\": \\\"plasticpot\\\",\\n    \\\"Quantity\\\": 1\\n}\",\"LoadOrder\":0,\"GridGUID\":\"d47666ba-6076-4779-9c8a-ffede5ff83ad\",\"OriginCoordinate\":{\"x\":11.0,\"y\":5.0},\"Rotation\":-90,\"SoilID\":\"extralonglifesoil\",\"SoilLevel\":20.0,\"RemainingSoilUses\":3,\"WaterLevel\":3.614595651626587,\"AppliedAdditives\":[\"Growing/PGR/PGR_Additive\"],\"PlantData\":{\"DataType\":\"PlantData\",\"DataVersion\":0,\"GameVersion\":\"0.4.0f5\",\"SeedID\":\"ogkushseed\",\"GrowthProgress\":0.0,\"YieldLevel\":1.5,\"QualityLevel\":0.30000001192092898,\"ActiveBuds\":[]}}",
            "AdditionalDatas": []
        },
        {
            "DataType": "PotData",
            "DataVersion": 0,
            "GameVersion": "0.4.0f5",
            "BaseData": "{\"DataType\":\"PotData\",\"DataVersion\":0,\"GameVersion\":\"0.4.0f5\",\"GUID\":\"86a3a879-dda1-4502-8efe-f8356f1f1367\",\"ItemString\":\"{\\n    \\\"DataType\\\": \\\"ItemData\\\",\\n    \\\"DataVersion\\\": 0,\\n    \\\"GameVersion\\\": \\\"0.4.0f5\\\",\\n    \\\"ID\\\": \\\"plasticpot\\\",\\n    \\\"Quantity\\\": 1\\n}\",\"LoadOrder\":0,\"GridGUID\":\"d47666ba-6076-4779-9c8a-ffede5ff83ad\",\"OriginCoordinate\":{\"x\":11.0,\"y\":3.0},\"Rotation\":-90,\"SoilID\":\"extralonglifesoil\",\"SoilLevel\":20.0,\"RemainingSoilUses\":3,\"WaterLevel\":3.5520951747894289,\"AppliedAdditives\":[\"Growing/PGR/PGR_Additive\"],\"PlantData\":{\"DataType\":\"PlantData\",\"DataVersion\":0,\"GameVersion\":\"0.4.0f5\",\"SeedID\":\"greencrackseed\",\"GrowthProgress\":0.0,\"YieldLevel\":1.5,\"QualityLevel\":0.30000001192092898,\"ActiveBuds\":[]}}",
            "AdditionalDatas": []
        },
        {
            "DataType": "PlaceableStorageData",
            "DataVersion": 0,
            "GameVersion": "0.4.0f5",
            "BaseData": "{\"DataType\":\"PlaceableStorageData\",\"DataVersion\":0,\"GameVersion\":\"0.4.0f5\",\"GUID\":\"c74e239a-836e-40de-ac44-e0e718a49890\",\"ItemString\":\"{\\n    \\\"DataType\\\": \\\"ItemData\\\",\\n    \\\"DataVersion\\\": 0,\\n    \\\"GameVersion\\\": \\\"0.4.0f5\\\",\\n    \\\"ID\\\": \\\"bed\\\",\\n    \\\"Quantity\\\": 1\\n}\",\"LoadOrder\":0,\"GridGUID\":\"0fc3eff1-af4f-471f-9c19-795996b7fdab\",\"OriginCoordinate\":{\"x\":8.0,\"y\":0.0},\"Rotation\":0,\"Contents\":{\"Items\":[\"{\\\"DataType\\\":\\\"ItemData\\\",\\\"DataVersion\\\":0,\\\"GameVersion\\\":\\\"0.4.0f5\\\",\\\"ID\\\":\\\"\\\",\\\"Quantity\\\":0}\",\"{\\\"DataType\\\":\\\"ItemData\\\",\\\"DataVersion\\\":0,\\\"GameVersion\\\":\\\"0.4.0f5\\\",\\\"ID\\\":\\\"\\\",\\\"Quantity\\\":0}\",\"{\\\"DataType\\\":\\\"ItemData\\\",\\\"DataVersion\\\":0,\\\"GameVersion\\\":\\\"0.4.0f5\\\",\\\"ID\\\":\\\"\\\",\\\"Quantity\\\":0}\",\"{\\\"DataType\\\":\\\"ItemData\\\",\\\"DataVersion\\\":0,\\\"GameVersion\\\":\\\"0.4.0f5\\\",\\\"ID\\\":\\\"\\\",\\\"Quantity\\\":0}\"],\"SlotFilters\":[{\"Type\":0,\"ItemIDs\":[],\"AllowedQualities\":[0,1,2,3,4]},{\"Type\":0,\"ItemIDs\":[],\"AllowedQualities\":[0,1,2,3,4]},{\"Type\":0,\"ItemIDs\":[],\"AllowedQualities\":[0,1,2,3,4]},{\"Type\":0,\"ItemIDs\":[],\"AllowedQualities\":[0,1,2,3,4]}]}}",
            "AdditionalDatas": []
        },
        {
            "DataType": "GridItemData",
            "DataVersion": 0,
            "GameVersion": "0.4.0f5",
            "BaseData": "{\"DataType\":\"GridItemData\",\"DataVersion\":0,\"GameVersion\":\"0.4.0f5\",\"GUID\":\"198b6f4f-6474-4d7a-b8cf-428cd2bd84da\",\"ItemString\":\"{\\n    \\\"DataType\\\": \\\"ItemData\\\",\\n    \\\"DataVersion\\\": 0,\\n    \\\"GameVersion\\\": \\\"0.4.0f5\\\",\\n    \\\"ID\\\": \\\"suspensionrack\\\",\\n    \\\"Quantity\\\": 1\\n}\",\"LoadOrder\":0,\"GridGUID\":\"d47666ba-6076-4779-9c8a-ffede5ff83ad\",\"OriginCoordinate\":{\"x\":10.0,\"y\":9.0},\"Rotation\":0}",
            "AdditionalDatas": []
        },
        {
            "DataType": "PotData",
            "DataVersion": 0,
            "GameVersion": "0.4.0f5",
            "BaseData": "{\"DataType\":\"PotData\",\"DataVersion\":0,\"GameVersion\":\"0.4.0f5\",\"GUID\":\"80cac9b9-68f0-4fb3-8e10-6c9ce2b8a49e\",\"ItemString\":\"{\\n    \\\"DataType\\\": \\\"ItemData\\\",\\n    \\\"DataVersion\\\": 0,\\n    \\\"GameVersion\\\": \\\"0.4.0f5\\\",\\n    \\\"ID\\\": \\\"plasticpot\\\",\\n    \\\"Quantity\\\": 1\\n}\",\"LoadOrder\":0,\"GridGUID\":\"d47666ba-6076-4779-9c8a-ffede5ff83ad\",\"OriginCoordinate\":{\"x\":11.0,\"y\":9.0},\"Rotation\":-90,\"SoilID\":\"extralonglifesoil\",\"SoilLevel\":20.0,\"RemainingSoilUses\":3,\"WaterLevel\":1.5000005960464478,\"AppliedAdditives\":[],\"PlantData\":{\"DataType\":\"PlantData\",\"DataVersion\":0,\"GameVersion\":\"0.4.0f5\",\"SeedID\":\"\",\"GrowthProgress\":0.0,\"YieldLevel\":0.0,\"QualityLevel\":0.0,\"ActiveBuds\":[]}}",
            "AdditionalDatas": []
        },
        {
            "DataType": "GridItemData",
            "DataVersion": 0,
            "GameVersion": "0.4.0f5",
            "BaseData": "{\"DataType\":\"GridItemData\",\"DataVersion\":0,\"GameVersion\":\"0.4.0f5\",\"GUID\":\"7e90ced8-c4fa-417c-b59a-958a3eba8f46\",\"ItemString\":\"{\\n    \\\"DataType\\\": \\\"ItemData\\\",\\n    \\\"DataVersion\\\": 0,\\n    \\\"GameVersion\\\": \\\"0.4.0f5\\\",\\n    \\\"ID\\\": \\\"suspensionrack\\\",\\n    \\\"Quantity\\\": 1\\n}\",\"LoadOrder\":0,\"GridGUID\":\"d47666ba-6076-4779-9c8a-ffede5ff83ad\",\"OriginCoordinate\":{\"x\":8.0,\"y\":10.0},\"Rotation\":0}",
            "AdditionalDatas": []
        },
        {
            "DataType": "PotData",
            "DataVersion": 0,
            "GameVersion": "0.4.0f5",
            "BaseData": "{\"DataType\":\"PotData\",\"DataVersion\":0,\"GameVersion\":\"0.4.0f5\",\"GUID\":\"7929020a-d2ea-4eb2-9465-9bb3978cdc7d\",\"ItemString\":\"{\\n    \\\"DataType\\\": \\\"ItemData\\\",\\n    \\\"DataVersion\\\": 0,\\n    \\\"GameVersion\\\": \\\"0.4.0f5\\\",\\n    \\\"ID\\\": \\\"plasticpot\\\",\\n    \\\"Quantity\\\": 1\\n}\",\"LoadOrder\":0,\"GridGUID\":\"d47666ba-6076-4779-9c8a-ffede5ff83ad\",\"OriginCoordinate\":{\"x\":9.0,\"y\":11.0},\"Rotation\":180,\"SoilID\":\"extralonglifesoil\",\"SoilLevel\":20.0,\"RemainingSoilUses\":3,\"WaterLevel\":2.437501907348633,\"AppliedAdditives\":[],\"PlantData\":{\"DataType\":\"PlantData\",\"DataVersion\":0,\"GameVersion\":\"0.4.0f5\",\"SeedID\":\"\",\"GrowthProgress\":0.0,\"YieldLevel\":0.0,\"QualityLevel\":0.0,\"ActiveBuds\":[]}}",
            "AdditionalDatas": []
        },
        {
            "DataType": "ProceduralGridItemData",
            "DataVersion": 0,
            "GameVersion": "0.4.0f5",
            "BaseData": "{\"DataType\":\"ProceduralGridItemData\",\"DataVersion\":0,\"GameVersion\":\"0.4.0f5\",\"GUID\":\"7a3afa9a-eb3d-4ac5-bafc-e6c155e165b6\",\"ItemString\":\"{\\n    \\\"DataType\\\": \\\"ItemData\\\",\\n    \\\"DataVersion\\\": 0,\\n    \\\"GameVersion\\\": \\\"0.4.0f5\\\",\\n    \\\"ID\\\": \\\"ledgrowlight\\\",\\n    \\\"Quantity\\\": 1\\n}\",\"LoadOrder\":50,\"Rotation\":0,\"FootprintMatches\":[{\"TileOwnerGUID\":\"7e90ced8-c4fa-417c-b59a-958a3eba8f46\",\"TileIndex\":2,\"FootprintCoordinate\":{\"x\":0.0,\"y\":0.0}},{\"TileOwnerGUID\":\"7e90ced8-c4fa-417c-b59a-958a3eba8f46\",\"TileIndex\":1,\"FootprintCoordinate\":{\"x\":0.0,\"y\":1.0}},{\"TileOwnerGUID\":\"7e90ced8-c4fa-417c-b59a-958a3eba8f46\",\"TileIndex\":3,\"FootprintCoordinate\":{\"x\":1.0,\"y\":0.0}},{\"TileOwnerGUID\":\"7e90ced8-c4fa-417c-b59a-958a3eba8f46\",\"TileIndex\":0,\"FootprintCoordinate\":{\"x\":1.0,\"y\":1.0}}]}",
            "AdditionalDatas": []
        },
        {
            "DataType": "ProceduralGridItemData",
            "DataVersion": 0,
            "GameVersion": "0.4.0f5",
            "BaseData": "{\"DataType\":\"ProceduralGridItemData\",\"DataVersion\":0,\"GameVersion\":\"0.4.0f5\",\"GUID\":\"4d911c6b-b3a1-42ef-af26-fac5eb0a73e4\",\"ItemString\":\"{\\n    \\\"DataType\\\": \\\"ItemData\\\",\\n    \\\"DataVersion\\\": 0,\\n    \\\"GameVersion\\\": \\\"0.4.0f5\\\",\\n    \\\"ID\\\": \\\"ledgrowlight\\\",\\n    \\\"Quantity\\\": 1\\n}\",\"LoadOrder\":50,\"Rotation\":0,\"FootprintMatches\":[{\"TileOwnerGUID\":\"198b6f4f-6474-4d7a-b8cf-428cd2bd84da\",\"TileIndex\":2,\"FootprintCoordinate\":{\"x\":0.0,\"y\":0.0}},{\"TileOwnerGUID\":\"198b6f4f-6474-4d7a-b8cf-428cd2bd84da\",\"TileIndex\":1,\"FootprintCoordinate\":{\"x\":0.0,\"y\":1.0}},{\"TileOwnerGUID\":\"198b6f4f-6474-4d7a-b8cf-428cd2bd84da\",\"TileIndex\":3,\"FootprintCoordinate\":{\"x\":1.0,\"y\":0.0}},{\"TileOwnerGUID\":\"198b6f4f-6474-4d7a-b8cf-428cd2bd84da\",\"TileIndex\":0,\"FootprintCoordinate\":{\"x\":1.0,\"y\":1.0}}]}",
            "AdditionalDatas": []
        },
        {
            "DataType": "ProceduralGridItemData",
            "DataVersion": 0,
            "GameVersion": "0.4.0f5",
            "BaseData": "{\"DataType\":\"ProceduralGridItemData\",\"DataVersion\":0,\"GameVersion\":\"0.4.0f5\",\"GUID\":\"a1eca325-0b05-4e95-82ab-83b7b8bf483b\",\"ItemString\":\"{\\n    \\\"DataType\\\": \\\"ItemData\\\",\\n    \\\"DataVersion\\\": 0,\\n    \\\"GameVersion\\\": \\\"0.4.0f5\\\",\\n    \\\"ID\\\": \\\"ledgrowlight\\\",\\n    \\\"Quantity\\\": 1\\n}\",\"LoadOrder\":50,\"Rotation\":90,\"FootprintMatches\":[{\"TileOwnerGUID\":\"98ec75c7-b0d9-47a9-b28e-92033a053b60\",\"TileIndex\":1,\"FootprintCoordinate\":{\"x\":0.0,\"y\":0.0}},{\"TileOwnerGUID\":\"98ec75c7-b0d9-47a9-b28e-92033a053b60\",\"TileIndex\":0,\"FootprintCoordinate\":{\"x\":0.0,\"y\":1.0}},{\"TileOwnerGUID\":\"98ec75c7-b0d9-47a9-b28e-92033a053b60\",\"TileIndex\":2,\"FootprintCoordinate\":{\"x\":1.0,\"y\":0.0}},{\"TileOwnerGUID\":\"98ec75c7-b0d9-47a9-b28e-92033a053b60\",\"TileIndex\":3,\"FootprintCoordinate\":{\"x\":1.0,\"y\":1.0}}]}",
            "AdditionalDatas": []
        },
        {
            "DataType": "ProceduralGridItemData",
            "DataVersion": 0,
            "GameVersion": "0.4.0f5",
            "BaseData": "{\"DataType\":\"ProceduralGridItemData\",\"DataVersion\":0,\"GameVersion\":\"0.4.0f5\",\"GUID\":\"34f62dc1-9946-4d91-a509-371c30730508\",\"ItemString\":\"{\\n    \\\"DataType\\\": \\\"ItemData\\\",\\n    \\\"DataVersion\\\": 0,\\n    \\\"GameVersion\\\": \\\"0.4.0f5\\\",\\n    \\\"ID\\\": \\\"ledgrowlight\\\",\\n    \\\"Quantity\\\": 1\\n}\",\"LoadOrder\":50,\"Rotation\":90,\"FootprintMatches\":[{\"TileOwnerGUID\":\"6c52eaab-4847-437c-ae24-bfb1dd488528\",\"TileIndex\":1,\"FootprintCoordinate\":{\"x\":0.0,\"y\":0.0}},{\"TileOwnerGUID\":\"6c52eaab-4847-437c-ae24-bfb1dd488528\",\"TileIndex\":0,\"FootprintCoordinate\":{\"x\":0.0,\"y\":1.0}},{\"TileOwnerGUID\":\"6c52eaab-4847-437c-ae24-bfb1dd488528\",\"TileIndex\":2,\"FootprintCoordinate\":{\"x\":1.0,\"y\":0.0}},{\"TileOwnerGUID\":\"6c52eaab-4847-437c-ae24-bfb1dd488528\",\"TileIndex\":3,\"FootprintCoordinate\":{\"x\":1.0,\"y\":1.0}}]}",
            "AdditionalDatas": []
        },
        {
            "DataType": "ProceduralGridItemData",
            "DataVersion": 0,
            "GameVersion": "0.4.0f5",
            "BaseData": "{\"DataType\":\"ProceduralGridItemData\",\"DataVersion\":0,\"GameVersion\":\"0.4.0f5\",\"GUID\":\"a0e08a88-0a0b-4cf4-a01b-d90da37d9941\",\"ItemString\":\"{\\n    \\\"DataType\\\": \\\"ItemData\\\",\\n    \\\"DataVersion\\\": 0,\\n    \\\"GameVersion\\\": \\\"0.4.0f5\\\",\\n    \\\"ID\\\": \\\"ledgrowlight\\\",\\n    \\\"Quantity\\\": 1\\n}\",\"LoadOrder\":50,\"Rotation\":-90,\"FootprintMatches\":[{\"TileOwnerGUID\":\"a4643235-f9eb-4fb0-a8a4-c89e69833fe5\",\"TileIndex\":3,\"FootprintCoordinate\":{\"x\":0.0,\"y\":0.0}},{\"TileOwnerGUID\":\"a4643235-f9eb-4fb0-a8a4-c89e69833fe5\",\"TileIndex\":2,\"FootprintCoordinate\":{\"x\":0.0,\"y\":1.0}},{\"TileOwnerGUID\":\"a4643235-f9eb-4fb0-a8a4-c89e69833fe5\",\"TileIndex\":0,\"FootprintCoordinate\":{\"x\":1.0,\"y\":0.0}},{\"TileOwnerGUID\":\"a4643235-f9eb-4fb0-a8a4-c89e69833fe5\",\"TileIndex\":1,\"FootprintCoordinate\":{\"x\":1.0,\"y\":1.0}}]}",
            "AdditionalDatas": []
        },
        {
            "DataType": "SoilPourerData",
            "DataVersion": 0,
            "GameVersion": "0.4.0f5",
            "BaseData": "{\"DataType\":\"SoilPourerData\",\"DataVersion\":0,\"GameVersion\":\"0.4.0f5\",\"GUID\":\"d6771af0-b886-4239-824e-d9f566800d0e\",\"ItemString\":\"{\\n    \\\"DataType\\\": \\\"ItemData\\\",\\n    \\\"DataVersion\\\": 0,\\n    \\\"GameVersion\\\": \\\"0.4.0f5\\\",\\n    \\\"ID\\\": \\\"soilpourer\\\",\\n    \\\"Quantity\\\": 1\\n}\",\"LoadOrder\":0,\"GridGUID\":\"d47666ba-6076-4779-9c8a-ffede5ff83ad\",\"OriginCoordinate\":{\"x\":7.0,\"y\":11.0},\"Rotation\":90,\"SoilID\":\"\"}",
            "AdditionalDatas": []
        },
        {
            "DataType": "GridItemData",
            "DataVersion": 0,
            "GameVersion": "0.4.0f5",
            "BaseData": "{\"DataType\":\"GridItemData\",\"DataVersion\":0,\"GameVersion\":\"0.4.0f5\",\"GUID\":\"76a9be32-b6fe-4a4f-bbce-118e79ee142a\",\"ItemString\":\"{\\n    \\\"DataType\\\": \\\"ItemData\\\",\\n    \\\"DataVersion\\\": 0,\\n    \\\"GameVersion\\\": \\\"0.4.0f5\\\",\\n    \\\"ID\\\": \\\"potsprinkler\\\",\\n    \\\"Quantity\\\": 1\\n}\",\"LoadOrder\":0,\"GridGUID\":\"d47666ba-6076-4779-9c8a-ffede5ff83ad\",\"OriginCoordinate\":{\"x\":8.0,\"y\":9.0},\"Rotation\":0}",
            "AdditionalDatas": []
        }
    ]
}