{
    "DataType": "PropertyData",
    "DataVersion": 0,
    "GameVersion": "0.4.0f5",
    "PropertyCode": "sweatshop",
    "IsOwned": true,
    "SwitchStates": [
        true
    ],
    "ToggleableStates": [
        true,
        true
    ],
    "Employees": [],
    "Objects": [
        {
            "DataType": "PotData",
            "DataVersion": 0,
            "GameVersion": "0.4.0f5",
            "BaseData": "{\"DataType\":\"PotData\",\"DataVersion\":0,\"GameVersion\":\"0.4.0f5\",\"GUID\":\"3dc281bf-7392-41f9-95eb-647b9f53e734\",\"ItemString\":\"{\\n    \\\"DataType\\\": \\\"ItemData\\\",\\n    \\\"DataVersion\\\": 0,\\n    \\\"GameVersion\\\": \\\"0.4.0f5\\\",\\n    \\\"ID\\\": \\\"growtent\\\",\\n    \\\"Quantity\\\": 1\\n}\",\"LoadOrder\":0,\"GridGUID\":\"46a785d3-e21e-4117-8366-ebddea345dee\",\"OriginCoordinate\":{\"x\":13.0,\"y\":11.0},\"Rotation\":180,\"SoilID\":\"extralonglifesoil\",\"SoilLevel\":20.0,\"RemainingSoilUses\":1,\"WaterLevel\":0.0,\"AppliedAdditives\":[],\"PlantData\":{\"DataType\":\"PlantData\",\"DataVersion\":0,\"GameVersion\":\"0.4.0f5\",\"SeedID\":\"\",\"GrowthProgress\":0.0,\"YieldLevel\":0.0,\"QualityLevel\":0.0,\"ActiveBuds\":[]}}",
            "AdditionalDatas": []
        },
        {
            "DataType": "PotData",
            "DataVersion": 0,
            "GameVersion": "0.4.0f5",
            "BaseData": "{\"DataType\":\"PotData\",\"DataVersion\":0,\"GameVersion\":\"0.4.0f5\",\"GUID\":\"a3e14877-1c77-4793-9593-c4f98fa669cc\",\"ItemString\":\"{\\n    \\\"DataType\\\": \\\"ItemData\\\",\\n    \\\"DataVersion\\\": 0,\\n    \\\"GameVersion\\\": \\\"0.4.0f5\\\",\\n    \\\"ID\\\": \\\"growtent\\\",\\n    \\\"Quantity\\\": 1\\n}\",\"LoadOrder\":0,\"GridGUID\":\"46a785d3-e21e-4117-8366-ebddea345dee\",\"OriginCoordinate\":{\"x\":15.0,\"y\":11.0},\"Rotation\":180,\"SoilID\":\"extralonglifesoil\",\"SoilLevel\":20.0,\"RemainingSoilUses\":1,\"WaterLevel\":0.0,\"AppliedAdditives\":[],\"PlantData\":{\"DataType\":\"PlantData\",\"DataVersion\":0,\"GameVersion\":\"0.4.0f5\",\"SeedID\":\"\",\"GrowthProgress\":0.0,\"YieldLevel\":0.0,\"QualityLevel\":0.0,\"ActiveBuds\":[]}}",
            "AdditionalDatas": []
        },
        {
            "DataType": "SurfaceItemData",
            "DataVersion": 0,
            "GameVersion": "0.4.0f5",
            "BaseData": "{\"DataType\":\"SurfaceItemData\",\"DataVersion\":0,\"GameVersion\":\"0.4.0f5\",\"GUID\":\"e64bbd13-77ec-4274-a6ac-2a3c6099a287\",\"ItemString\":\"{\\n    \\\"DataType\\\": \\\"ItemData\\\",\\n    \\\"DataVersion\\\": 0,\\n    \\\"GameVersion\\\": \\\"0.4.0f5\\\",\\n    \\\"ID\\\": \\\"wallclock\\\",\\n    \\\"Quantity\\\": 1\\n}\",\"LoadOrder\":25,\"ParentSurfaceGUID\":\"401780e5-d032-41b2-ab6c-4a466dbc9b23\",\"RelativePosition\":{\"x\":3.00000262260437,\"y\":3.052525043487549,\"z\":2.577183723449707},\"RelativeRotation\":{\"x\":0.527866780757904,\"y\":-0.48570334911346438,\"z\":-0.48570334911346438,\"w\":0.4995410144329071}}",
            "AdditionalDatas": []
        },
        {
            "DataType": "PlaceableStorageData",
            "DataVersion": 0,
            "GameVersion": "0.4.0f5",
            "BaseData": "{\"DataType\":\"PlaceableStorageData\",\"DataVersion\":0,\"GameVersion\":\"0.4.0f5\",\"GUID\":\"a38fe0b3-abb4-48fc-b908-ab6b877c9a61\",\"ItemString\":\"{\\n    \\\"DataType\\\": \\\"ItemData\\\",\\n    \\\"DataVersion\\\": 0,\\n    \\\"GameVersion\\\": \\\"0.4.0f5\\\",\\n    \\\"ID\\\": \\\"locker\\\",\\n    \\\"Quantity\\\": 1\\n}\",\"LoadOrder\":0,\"GridGUID\":\"46a785d3-e21e-4117-8366-ebddea345dee\",\"OriginCoordinate\":{\"x\":9.0,\"y\":0.0},\"Rotation\":-90,\"Contents\":{\"Items\":[\"{\\\"DataType\\\":\\\"ItemData\\\",\\\"DataVersion\\\":0,\\\"GameVersion\\\":\\\"0.4.0f5\\\",\\\"ID\\\":\\\"ogkushseed\\\",\\\"Quantity\\\":1}\",\"{\\\"DataType\\\":\\\"ItemData\\\",\\\"DataVersion\\\":0,\\\"GameVersion\\\":\\\"0.4.0f5\\\",\\\"ID\\\":\\\"greencrackseed\\\",\\\"Quantity\\\":1}\",\"{\\\"DataType\\\":\\\"ItemData\\\",\\\"DataVersion\\\":0,\\\"GameVersion\\\":\\\"0.4.0f5\\\",\\\"ID\\\":\\\"sourdieselseed\\\",\\\"Quantity\\\":3}\",\"{\\\"DataType\\\":\\\"ItemData\\\",\\\"DataVersion\\\":0,\\\"GameVersion\\\":\\\"0.4.0f5\\\",\\\"ID\\\":\\\"granddaddypurpleseed\\\",\\\"Quantity\\\":5}\",\"{\\\"DataType\\\":\\\"WeedData\\\",\\\"DataVersion\\\":0,\\\"GameVersion\\\":\\\"0.4.0f5\\\",\\\"ID\\\":\\\"greencrack\\\",\\\"Quantity\\\":15,\\\"Quality\\\":\\\"Standard\\\",\\\"PackagingID\\\":\\\"\\\"}\",\"{\\\"DataType\\\":\\\"WeedData\\\",\\\"DataVersion\\\":0,\\\"GameVersion\\\":\\\"0.4.0f5\\\",\\\"ID\\\":\\\"greencrack\\\",\\\"Quantity\\\":2,\\\"Quality\\\":\\\"Premium\\\",\\\"PackagingID\\\":\\\"\\\"}\"],\"SlotFilters\":[{\"Type\":0,\"ItemIDs\":[],\"AllowedQualities\":[0,1,2,3,4]},{\"Type\":0,\"ItemIDs\":[],\"AllowedQualities\":[0,1,2,3,4]},{\"Type\":0,\"ItemIDs\":[],\"AllowedQualities\":[0,1,2,3,4]},{\"Type\":0,\"ItemIDs\":[],\"AllowedQualities\":[0,1,2,3,4]},{\"Type\":0,\"ItemIDs\":[],\"AllowedQualities\":[0,1,2,3,4]},{\"Type\":0,\"ItemIDs\":[],\"AllowedQualities\":[0,1,2,3,4]}]}}",
            "AdditionalDatas": []
        },
        {
            "DataType": "PlaceableStorageData",
            "DataVersion": 0,
            "GameVersion": "0.4.0f5",
            "BaseData": "{\"DataType\":\"PlaceableStorageData\",\"DataVersion\":0,\"GameVersion\":\"0.4.0f5\",\"GUID\":\"b4742965-76dc-4e2e-aa7c-cf0ba7cc7c11\",\"ItemString\":\"{\\n    \\\"DataType\\\": \\\"ItemData\\\",\\n    \\\"DataVersion\\\": 0,\\n    \\\"GameVersion\\\": \\\"0.4.0f5\\\",\\n    \\\"ID\\\": \\\"largestoragerack\\\",\\n    \\\"Quantity\\\": 1\\n}\",\"LoadOrder\":0,\"GridGUID\":\"46a785d3-e21e-4117-8366-ebddea345dee\",\"OriginCoordinate\":{\"x\":0.0,\"y\":4.0},\"Rotation\":90,\"Contents\":{\"Items\":[\"{\\\"DataType\\\":\\\"WeedData\\\",\\\"DataVersion\\\":0,\\\"GameVersion\\\":\\\"0.4.0f5\\\",\\\"ID\\\":\\\"greencrack\\\",\\\"Quantity\\\":4,\\\"Quality\\\":\\\"Premium\\\",\\\"PackagingID\\\":\\\"jar\\\"}\",\"{\\\"DataType\\\":\\\"WeedData\\\",\\\"DataVersion\\\":0,\\\"GameVersion\\\":\\\"0.4.0f5\\\",\\\"ID\\\":\\\"weddingass\\\",\\\"Quantity\\\":7,\\\"Quality\\\":\\\"Standard\\\",\\\"PackagingID\\\":\\\"jar\\\"}\",\"{\\\"DataType\\\":\\\"ItemData\\\",\\\"DataVersion\\\":0,\\\"GameVersion\\\":\\\"0.4.0f5\\\",\\\"ID\\\":\\\"\\\",\\\"Quantity\\\":0}\",\"{\\\"DataType\\\":\\\"ItemData\\\",\\\"DataVersion\\\":0,\\\"GameVersion\\\":\\\"0.4.0f5\\\",\\\"ID\\\":\\\"\\\",\\\"Quantity\\\":0}\",\"{\\\"DataType\\\":\\\"ItemData\\\",\\\"DataVersion\\\":0,\\\"GameVersion\\\":\\\"0.4.0f5\\\",\\\"ID\\\":\\\"\\\",\\\"Quantity\\\":0}\",\"{\\\"DataType\\\":\\\"ItemData\\\",\\\"DataVersion\\\":0,\\\"GameVersion\\\":\\\"0.4.0f5\\\",\\\"ID\\\":\\\"\\\",\\\"Quantity\\\":0}\",\"{\\\"DataType\\\":\\\"ItemData\\\",\\\"DataVersion\\\":0,\\\"GameVersion\\\":\\\"0.4.0f5\\\",\\\"ID\\\":\\\"\\\",\\\"Quantity\\\":0}\",\"{\\\"DataType\\\":\\\"ItemData\\\",\\\"DataVersion\\\":0,\\\"GameVersion\\\":\\\"0.4.0f5\\\",\\\"ID\\\":\\\"\\\",\\\"Quantity\\\":0}\"],\"SlotFilters\":[{\"Type\":0,\"ItemIDs\":[],\"AllowedQualities\":[0,1,2,3,4]},{\"Type\":0,\"ItemIDs\":[],\"AllowedQualities\":[0,1,2,3,4]},{\"Type\":0,\"ItemIDs\":[],\"AllowedQualities\":[0,1,2,3,4]},{\"Type\":0,\"ItemIDs\":[],\"AllowedQualities\":[0,1,2,3,4]},{\"Type\":0,\"ItemIDs\":[],\"AllowedQualities\":[0,1,2,3,4]},{\"Type\":0,\"ItemIDs\":[],\"AllowedQualities\":[0,1,2,3,4]},{\"Type\":0,\"ItemIDs\":[],\"AllowedQualities\":[0,1,2,3,4]},{\"Type\":0,\"ItemIDs\":[],\"AllowedQualities\":[0,1,2,3,4]}]}}",
            "AdditionalDatas": []
        },
        {
            "DataType": "PlaceableStorageData",
            "DataVersion": 0,
            "GameVersion": "0.4.0f5",
            "BaseData": "{\"DataType\":\"PlaceableStorageData\",\"DataVersion\":0,\"GameVersion\":\"0.4.0f5\",\"GUID\":\"d44fa4d9-b768-4382-904f-69807261f7cd\",\"ItemString\":\"{\\n    \\\"DataType\\\": \\\"ItemData\\\",\\n    \\\"DataVersion\\\": 0,\\n    \\\"GameVersion\\\": \\\"0.4.0f5\\\",\\n    \\\"ID\\\": \\\"largestoragerack\\\",\\n    \\\"Quantity\\\": 1\\n}\",\"LoadOrder\":0,\"GridGUID\":\"46a785d3-e21e-4117-8366-ebddea345dee\",\"OriginCoordinate\":{\"x\":1.0,\"y\":4.0},\"Rotation\":90,\"Contents\":{\"Items\":[\"{\\\"DataType\\\":\\\"WeedData\\\",\\\"DataVersion\\\":0,\\\"GameVersion\\\":\\\"0.4.0f5\\\",\\\"ID\\\":\\\"weddingass\\\",\\\"Quantity\\\":1,\\\"Quality\\\":\\\"Standard\\\",\\\"PackagingID\\\":\\\"baggie\\\"}\",\"{\\\"DataType\\\":\\\"WeedData\\\",\\\"DataVersion\\\":0,\\\"GameVersion\\\":\\\"0.4.0f5\\\",\\\"ID\\\":\\\"greencrack\\\",\\\"Quantity\\\":4,\\\"Quality\\\":\\\"Standard\\\",\\\"PackagingID\\\":\\\"baggie\\\"}\",\"{\\\"DataType\\\":\\\"WeedData\\\",\\\"DataVersion\\\":0,\\\"GameVersion\\\":\\\"0.4.0f5\\\",\\\"ID\\\":\\\"darksmegma\\\",\\\"Quantity\\\":1,\\\"Quality\\\":\\\"Standard\\\",\\\"PackagingID\\\":\\\"baggie\\\"}\",\"{\\\"DataType\\\":\\\"WeedData\\\",\\\"DataVersion\\\":0,\\\"GameVersion\\\":\\\"0.4.0f5\\\",\\\"ID\\\":\\\"weddingass\\\",\\\"Quantity\\\":1,\\\"Quality\\\":\\\"Premium\\\",\\\"PackagingID\\\":\\\"baggie\\\"}\",\"{\\\"DataType\\\":\\\"WeedData\\\",\\\"DataVersion\\\":0,\\\"GameVersion\\\":\\\"0.4.0f5\\\",\\\"ID\\\":\\\"shinystink\\\",\\\"Quantity\\\":1,\\\"Quality\\\":\\\"Standard\\\",\\\"PackagingID\\\":\\\"baggie\\\"}\",\"{\\\"DataType\\\":\\\"WeedData\\\",\\\"DataVersion\\\":0,\\\"GameVersion\\\":\\\"0.4.0f5\\\",\\\"ID\\\":\\\"pinkballs\\\",\\\"Quantity\\\":1,\\\"Quality\\\":\\\"Standard\\\",\\\"PackagingID\\\":\\\"baggie\\\"}\",\"{\\\"DataType\\\":\\\"WeedData\\\",\\\"DataVersion\\\":0,\\\"GameVersion\\\":\\\"0.4.0f5\\\",\\\"ID\\\":\\\"biggold\\\",\\\"Quantity\\\":3,\\\"Quality\\\":\\\"Premium\\\",\\\"PackagingID\\\":\\\"baggie\\\"}\",\"{\\\"DataType\\\":\\\"ItemData\\\",\\\"DataVersion\\\":0,\\\"GameVersion\\\":\\\"0.4.0f5\\\",\\\"ID\\\":\\\"\\\",\\\"Quantity\\\":0}\"],\"SlotFilters\":[{\"Type\":0,\"ItemIDs\":[],\"AllowedQualities\":[0,1,2,3,4]},{\"Type\":0,\"ItemIDs\":[],\"AllowedQualities\":[0,1,2,3,4]},{\"Type\":0,\"ItemIDs\":[],\"AllowedQualities\":[0,1,2,3,4]},{\"Type\":0,\"ItemIDs\":[],\"AllowedQualities\":[0,1,2,3,4]},{\"Type\":0,\"ItemIDs\":[],\"AllowedQualities\":[0,1,2,3,4]},{\"Type\":0,\"ItemIDs\":[],\"AllowedQualities\":[0,1,2,3,4]},{\"Type\":0,\"ItemIDs\":[],\"AllowedQualities\":[0,1,2,3,4]},{\"Type\":0,\"ItemIDs\":[],\"AllowedQualities\":[0,1,2,3,4]}]}}",
            "AdditionalDatas": []
        },
        {
            "DataType": "PlaceableStorageData",
            "DataVersion": 0,
            "GameVersion": "0.4.0f5",
            "BaseData": "{\"DataType\":\"PlaceableStorageData\",\"DataVersion\":0,\"GameVersion\":\"0.4.0f5\",\"GUID\":\"35e2ed97-058c-4bc9-bc74-45054144d46a\",\"ItemString\":\"{\\n    \\\"DataType\\\": \\\"ItemData\\\",\\n    \\\"DataVersion\\\": 0,\\n    \\\"GameVersion\\\": \\\"0.4.0f5\\\",\\n    \\\"ID\\\": \\\"smallstoragerack\\\",\\n    \\\"Quantity\\\": 1\\n}\",\"LoadOrder\":0,\"GridGUID\":\"46a785d3-e21e-4117-8366-ebddea345dee\",\"OriginCoordinate\":{\"x\":9.0,\"y\":4.0},\"Rotation\":90,\"Contents\":{\"Items\":[\"{\\\"DataType\\\":\\\"ItemData\\\",\\\"DataVersion\\\":0,\\\"GameVersion\\\":\\\"0.4.0f5\\\",\\\"ID\\\":\\\"\\\",\\\"Quantity\\\":0}\",\"{\\\"DataType\\\":\\\"ItemData\\\",\\\"DataVersion\\\":0,\\\"GameVersion\\\":\\\"0.4.0f5\\\",\\\"ID\\\":\\\"spraypaint\\\",\\\"Quantity\\\":2}\",\"{\\\"DataType\\\":\\\"ItemData\\\",\\\"DataVersion\\\":0,\\\"GameVersion\\\":\\\"0.4.0f5\\\",\\\"ID\\\":\\\"graffiticleaner\\\",\\\"Quantity\\\":2}\",\"{\\\"DataType\\\":\\\"ItemData\\\",\\\"DataVersion\\\":0,\\\"GameVersion\\\":\\\"0.4.0f5\\\",\\\"ID\\\":\\\"\\\",\\\"Quantity\\\":0}\"],\"SlotFilters\":[{\"Type\":0,\"ItemIDs\":[],\"AllowedQualities\":[0,1,2,3,4]},{\"Type\":0,\"ItemIDs\":[],\"AllowedQualities\":[0,1,2,3,4]},{\"Type\":0,\"ItemIDs\":[],\"AllowedQualities\":[0,1,2,3,4]},{\"Type\":0,\"ItemIDs\":[],\"AllowedQualities\":[0,1,2,3,4]}]}}",
            "AdditionalDatas": []
        },
        {
            "DataType": "PlaceableStorageData",
            "DataVersion": 0,
            "GameVersion": "0.4.0f5",
            "BaseData": "{\"DataType\":\"PlaceableStorageData\",\"DataVersion\":0,\"GameVersion\":\"0.4.0f5\",\"GUID\":\"bd731104-dc2d-4204-9f77-747d8fac5f57\",\"ItemString\":\"{\\n    \\\"DataType\\\": \\\"ItemData\\\",\\n    \\\"DataVersion\\\": 0,\\n    \\\"GameVersion\\\": \\\"0.4.0f5\\\",\\n    \\\"ID\\\": \\\"mediumstoragerack\\\",\\n    \\\"Quantity\\\": 1\\n}\",\"LoadOrder\":0,\"GridGUID\":\"46a785d3-e21e-4117-8366-ebddea345dee\",\"OriginCoordinate\":{\"x\":9.0,\"y\":11.0},\"Rotation\":180,\"Contents\":{\"Items\":[\"{\\\"DataType\\\":\\\"ItemData\\\",\\\"DataVersion\\\":0,\\\"GameVersion\\\":\\\"0.4.0f5\\\",\\\"ID\\\":\\\"acid\\\",\\\"Quantity\\\":1}\",\"{\\\"DataType\\\":\\\"WateringCanData\\\",\\\"DataVersion\\\":0,\\\"GameVersion\\\":\\\"0.4.0f5\\\",\\\"ID\\\":\\\"wateringcan\\\",\\\"Quantity\\\":1,\\\"CurrentFillAmount\\\":9.944785118103028}\",\"{\\\"DataType\\\":\\\"ItemData\\\",\\\"DataVersion\\\":0,\\\"GameVersion\\\":\\\"0.4.0f5\\\",\\\"ID\\\":\\\"phosphorus\\\",\\\"Quantity\\\":1}\",\"{\\\"DataType\\\":\\\"ItemData\\\",\\\"DataVersion\\\":0,\\\"GameVersion\\\":\\\"0.4.0f5\\\",\\\"ID\\\":\\\"\\\",\\\"Quantity\\\":0}\",\"{\\\"DataType\\\":\\\"ItemData\\\",\\\"DataVersion\\\":0,\\\"GameVersion\\\":\\\"0.4.0f5\\\",\\\"ID\\\":\\\"\\\",\\\"Quantity\\\":0}\",\"{\\\"DataType\\\":\\\"ItemData\\\",\\\"DataVersion\\\":0,\\\"GameVersion\\\":\\\"0.4.0f5\\\",\\\"ID\\\":\\\"\\\",\\\"Quantity\\\":0}\"],\"SlotFilters\":[{\"Type\":0,\"ItemIDs\":[],\"AllowedQualities\":[0,1,2,3,4]},{\"Type\":0,\"ItemIDs\":[],\"AllowedQualities\":[0,1,2,3,4]},{\"Type\":0,\"ItemIDs\":[],\"AllowedQualities\":[0,1,2,3,4]},{\"Type\":0,\"ItemIDs\":[],\"AllowedQualities\":[0,1,2,3,4]},{\"Type\":0,\"ItemIDs\":[],\"AllowedQualities\":[0,1,2,3,4]},{\"Type\":0,\"ItemIDs\":[],\"AllowedQualities\":[0,1,2,3,4]}]}}",
            "AdditionalDatas": []
        },
        {
            "DataType": "MixingStationData",
            "DataVersion": 0,
            "GameVersion": "0.4.0f5",
            "BaseData": "{\"DataType\":\"MixingStationData\",\"DataVersion\":0,\"GameVersion\":\"0.4.0f5\",\"GUID\":\"33bccdb7-517f-4ec6-a3b3-e0825b409680\",\"ItemString\":\"{\\n    \\\"DataType\\\": \\\"ItemData\\\",\\n    \\\"DataVersion\\\": 0,\\n    \\\"GameVersion\\\": \\\"0.4.0f5\\\",\\n    \\\"ID\\\": \\\"mixingstation\\\",\\n    \\\"Quantity\\\": 1\\n}\",\"LoadOrder\":0,\"GridGUID\":\"46a785d3-e21e-4117-8366-ebddea345dee\",\"OriginCoordinate\":{\"x\":14.0,\"y\":6.0},\"Rotation\":0,\"ProductContents\":{\"Items\":[\"{\\\"DataType\\\":\\\"ItemData\\\",\\\"DataVersion\\\":0,\\\"GameVersion\\\":\\\"0.4.0f5\\\",\\\"ID\\\":\\\"\\\",\\\"Quantity\\\":0}\"],\"SlotFilters\":[{\"Type\":0,\"ItemIDs\":[],\"AllowedQualities\":[0,1,2,3,4]}]},\"MixerContents\":{\"Items\":[\"{\\\"DataType\\\":\\\"ItemData\\\",\\\"DataVersion\\\":0,\\\"GameVersion\\\":\\\"0.4.0f5\\\",\\\"ID\\\":\\\"\\\",\\\"Quantity\\\":0}\"],\"SlotFilters\":[{\"Type\":0,\"ItemIDs\":[],\"AllowedQualities\":[0,1,2,3,4]}]},\"OutputContents\":{\"Items\":[\"{\\\"DataType\\\":\\\"ItemData\\\",\\\"DataVersion\\\":0,\\\"GameVersion\\\":\\\"0.4.0f5\\\",\\\"ID\\\":\\\"\\\",\\\"Quantity\\\":0}\"],\"SlotFilters\":[{\"Type\":0,\"ItemIDs\":[],\"AllowedQualities\":[0,1,2,3,4]}]},\"CurrentMixOperation\":{\"ProductID\":\"\",\"ProductQuality\":0,\"IngredientID\":\"\",\"Quantity\":0},\"CurrentMixTime\":0}",
            "AdditionalDatas": []
        },
        {
            "DataType": "PackagingStationData",
            "DataVersion": 0,
            "GameVersion": "0.4.0f5",
            "BaseData": "{\"DataType\":\"PackagingStationData\",\"DataVersion\":0,\"GameVersion\":\"0.4.0f5\",\"GUID\":\"683b9e5e-6fcb-4676-9956-33a0d60ed610\",\"ItemString\":\"{\\n    \\\"DataType\\\": \\\"ItemData\\\",\\n    \\\"DataVersion\\\": 0,\\n    \\\"GameVersion\\\": \\\"0.4.0f5\\\",\\n    \\\"ID\\\": \\\"packagingstation\\\",\\n    \\\"Quantity\\\": 1\\n}\",\"LoadOrder\":0,\"GridGUID\":\"46a785d3-e21e-4117-8366-ebddea345dee\",\"OriginCoordinate\":{\"x\":10.0,\"y\":6.0},\"Rotation\":0,\"Contents\":{\"Items\":[\"{\\\"DataType\\\":\\\"ItemData\\\",\\\"DataVersion\\\":0,\\\"GameVersion\\\":\\\"0.4.0f5\\\",\\\"ID\\\":\\\"jar\\\",\\\"Quantity\\\":5}\",\"{\\\"DataType\\\":\\\"ItemData\\\",\\\"DataVersion\\\":0,\\\"GameVersion\\\":\\\"0.4.0f5\\\",\\\"ID\\\":\\\"\\\",\\\"Quantity\\\":0}\",\"{\\\"DataType\\\":\\\"ItemData\\\",\\\"DataVersion\\\":0,\\\"GameVersion\\\":\\\"0.4.0f5\\\",\\\"ID\\\":\\\"\\\",\\\"Quantity\\\":0}\"],\"SlotFilters\":[{\"Type\":0,\"ItemIDs\":[],\"AllowedQualities\":[0,1,2,3,4]},{\"Type\":0,\"ItemIDs\":[],\"AllowedQualities\":[0,1,2,3,4]},{\"Type\":0,\"ItemIDs\":[],\"AllowedQualities\":[0,1,2,3,4]}]}}",
            "AdditionalDatas": []
        },
        {
            "DataType": "PlaceableStorageData",
            "DataVersion": 0,
            "GameVersion": "0.4.0f5",
            "BaseData": "{\"DataType\":\"PlaceableStorageData\",\"DataVersion\":0,\"GameVersion\":\"0.4.0f5\",\"GUID\":\"e7040e65-9279-4fdb-b736-51896afa80e6\",\"ItemString\":\"{\\n    \\\"DataType\\\": \\\"ItemData\\\",\\n    \\\"DataVersion\\\": 0,\\n    \\\"GameVersion\\\": \\\"0.4.0f5\\\",\\n    \\\"ID\\\": \\\"largestoragerack\\\",\\n    \\\"Quantity\\\": 1\\n}\",\"LoadOrder\":0,\"GridGUID\":\"46a785d3-e21e-4117-8366-ebddea345dee\",\"OriginCoordinate\":{\"x\":2.0,\"y\":4.0},\"Rotation\":90,\"Contents\":{\"Items\":[\"{\\\"DataType\\\":\\\"WeedData\\\",\\\"DataVersion\\\":0,\\\"GameVersion\\\":\\\"0.4.0f5\\\",\\\"ID\\\":\\\"ogkush\\\",\\\"Quantity\\\":11,\\\"Quality\\\":\\\"Standard\\\",\\\"PackagingID\\\":\\\"\\\"}\",\"{\\\"DataType\\\":\\\"WeedData\\\",\\\"DataVersion\\\":0,\\\"GameVersion\\\":\\\"0.4.0f5\\\",\\\"ID\\\":\\\"ogmclovin\\\",\\\"Quantity\\\":1,\\\"Quality\\\":\\\"Standard\\\",\\\"PackagingID\\\":\\\"\\\"}\",\"{\\\"DataType\\\":\\\"WeedData\\\",\\\"DataVersion\\\":0,\\\"GameVersion\\\":\\\"0.4.0f5\\\",\\\"ID\\\":\\\"banan\\\",\\\"Quantity\\\":9,\\\"Quality\\\":\\\"Premium\\\",\\\"PackagingID\\\":\\\"\\\"}\",\"{\\\"DataType\\\":\\\"WeedData\\\",\\\"DataVersion\\\":0,\\\"GameVersion\\\":\\\"0.4.0f5\\\",\\\"ID\\\":\\\"purplecheese\\\",\\\"Quantity\\\":2,\\\"Quality\\\":\\\"Standard\\\",\\\"PackagingID\\\":\\\"\\\"}\",\"{\\\"DataType\\\":\\\"WeedData\\\",\\\"DataVersion\\\":0,\\\"GameVersion\\\":\\\"0.4.0f5\\\",\\\"ID\\\":\\\"greencrack\\\",\\\"Quantity\\\":7,\\\"Quality\\\":\\\"Standard\\\",\\\"PackagingID\\\":\\\"\\\"}\",\"{\\\"DataType\\\":\\\"WeedData\\\",\\\"DataVersion\\\":0,\\\"GameVersion\\\":\\\"0.4.0f5\\\",\\\"ID\\\":\\\"weddingass\\\",\\\"Quantity\\\":1,\\\"Quality\\\":\\\"Standard\\\",\\\"PackagingID\\\":\\\"\\\"}\",\"{\\\"DataType\\\":\\\"WeedData\\\",\\\"DataVersion\\\":0,\\\"GameVersion\\\":\\\"0.4.0f5\\\",\\\"ID\\\":\\\"strawberrydick\\\",\\\"Quantity\\\":1,\\\"Quality\\\":\\\"Standard\\\",\\\"PackagingID\\\":\\\"\\\"}\",\"{\\\"DataType\\\":\\\"WeedData\\\",\\\"DataVersion\\\":0,\\\"GameVersion\\\":\\\"0.4.0f5\\\",\\\"ID\\\":\\\"girlscoutpuke\\\",\\\"Quantity\\\":1,\\\"Quality\\\":\\\"Standard\\\",\\\"PackagingID\\\":\\\"\\\"}\"],\"SlotFilters\":[{\"Type\":0,\"ItemIDs\":[],\"AllowedQualities\":[0,1,2,3,4]},{\"Type\":0,\"ItemIDs\":[],\"AllowedQualities\":[0,1,2,3,4]},{\"Type\":0,\"ItemIDs\":[],\"AllowedQualities\":[0,1,2,3,4]},{\"Type\":0,\"ItemIDs\":[],\"AllowedQualities\":[0,1,2,3,4]},{\"Type\":0,\"ItemIDs\":[],\"AllowedQualities\":[0,1,2,3,4]},{\"Type\":0,\"ItemIDs\":[],\"AllowedQualities\":[0,1,2,3,4]},{\"Type\":0,\"ItemIDs\":[],\"AllowedQualities\":[0,1,2,3,4]},{\"Type\":0,\"ItemIDs\":[],\"AllowedQualities\":[0,1,2,3,4]}]}}",
            "AdditionalDatas": []
        },
        {
            "DataType": "PlaceableStorageData",
            "DataVersion": 0,
            "GameVersion": "0.4.0f5",
            "BaseData": "{\"DataType\":\"PlaceableStorageData\",\"DataVersion\":0,\"GameVersion\":\"0.4.0f5\",\"GUID\":\"718772ee-1034-4260-afe3-baa0072bda97\",\"ItemString\":\"{\\n    \\\"DataType\\\": \\\"ItemData\\\",\\n    \\\"DataVersion\\\": 0,\\n    \\\"GameVersion\\\": \\\"0.4.0f5\\\",\\n    \\\"ID\\\": \\\"largestoragerack\\\",\\n    \\\"Quantity\\\": 1\\n}\",\"LoadOrder\":0,\"GridGUID\":\"46a785d3-e21e-4117-8366-ebddea345dee\",\"OriginCoordinate\":{\"x\":3.0,\"y\":4.0},\"Rotation\":90,\"Contents\":{\"Items\":[\"{\\\"DataType\\\":\\\"WeedData\\\",\\\"DataVersion\\\":0,\\\"GameVersion\\\":\\\"0.4.0f5\\\",\\\"ID\\\":\\\"biggold\\\",\\\"Quantity\\\":1,\\\"Quality\\\":\\\"Standard\\\",\\\"PackagingID\\\":\\\"\\\"}\",\"{\\\"DataType\\\":\\\"WeedData\\\",\\\"DataVersion\\\":0,\\\"GameVersion\\\":\\\"0.4.0f5\\\",\\\"ID\\\":\\\"sourdiesel\\\",\\\"Quantity\\\":18,\\\"Quality\\\":\\\"Standard\\\",\\\"PackagingID\\\":\\\"\\\"}\",\"{\\\"DataType\\\":\\\"WeedData\\\",\\\"DataVersion\\\":0,\\\"GameVersion\\\":\\\"0.4.0f5\\\",\\\"ID\\\":\\\"fatcheese\\\",\\\"Quantity\\\":1,\\\"Quality\\\":\\\"Standard\\\",\\\"PackagingID\\\":\\\"\\\"}\",\"{\\\"DataType\\\":\\\"WeedData\\\",\\\"DataVersion\\\":0,\\\"GameVersion\\\":\\\"0.4.0f5\\\",\\\"ID\\\":\\\"ogkush\\\",\\\"Quantity\\\":6,\\\"Quality\\\":\\\"Standard\\\",\\\"PackagingID\\\":\\\"\\\"}\",\"{\\\"DataType\\\":\\\"WeedData\\\",\\\"DataVersion\\\":0,\\\"GameVersion\\\":\\\"0.4.0f5\\\",\\\"ID\\\":\\\"greencrack\\\",\\\"Quantity\\\":1,\\\"Quality\\\":\\\"Standard\\\",\\\"PackagingID\\\":\\\"\\\"}\",\"{\\\"DataType\\\":\\\"WeedData\\\",\\\"DataVersion\\\":0,\\\"GameVersion\\\":\\\"0.4.0f5\\\",\\\"ID\\\":\\\"pinkcheese\\\",\\\"Quantity\\\":1,\\\"Quality\\\":\\\"Standard\\\",\\\"PackagingID\\\":\\\"\\\"}\",\"{\\\"DataType\\\":\\\"WeedData\\\",\\\"DataVersion\\\":0,\\\"GameVersion\\\":\\\"0.4.0f5\\\",\\\"ID\\\":\\\"lastink\\\",\\\"Quantity\\\":1,\\\"Quality\\\":\\\"Standard\\\",\\\"PackagingID\\\":\\\"\\\"}\",\"{\\\"DataType\\\":\\\"WeedData\\\",\\\"DataVersion\\\":0,\\\"GameVersion\\\":\\\"0.4.0f5\\\",\\\"ID\\\":\\\"fatcum\\\",\\\"Quantity\\\":1,\\\"Quality\\\":\\\"Standard\\\",\\\"PackagingID\\\":\\\"\\\"}\"],\"SlotFilters\":[{\"Type\":0,\"ItemIDs\":[],\"AllowedQualities\":[0,1,2,3,4]},{\"Type\":0,\"ItemIDs\":[],\"AllowedQualities\":[0,1,2,3,4]},{\"Type\":0,\"ItemIDs\":[],\"AllowedQualities\":[0,1,2,3,4]},{\"Type\":0,\"ItemIDs\":[],\"AllowedQualities\":[0,1,2,3,4]},{\"Type\":0,\"ItemIDs\":[],\"AllowedQualities\":[0,1,2,3,4]},{\"Type\":0,\"ItemIDs\":[],\"AllowedQualities\":[0,1,2,3,4]},{\"Type\":0,\"ItemIDs\":[],\"AllowedQualities\":[0,1,2,3,4]},{\"Type\":0,\"ItemIDs\":[],\"AllowedQualities\":[0,1,2,3,4]}]}}",
            "AdditionalDatas": []
        },
        {
            "DataType": "PlaceableStorageData",
            "DataVersion": 0,
            "GameVersion": "0.4.0f5",
            "BaseData": "{\"DataType\":\"PlaceableStorageData\",\"DataVersion\":0,\"GameVersion\":\"0.4.0f5\",\"GUID\":\"81788fad-14f5-4e42-9248-eab0177d2d83\",\"ItemString\":\"{\\n    \\\"DataType\\\": \\\"ItemData\\\",\\n    \\\"DataVersion\\\": 0,\\n    \\\"GameVersion\\\": \\\"0.4.0f5\\\",\\n    \\\"ID\\\": \\\"largestoragerack\\\",\\n    \\\"Quantity\\\": 1\\n}\",\"LoadOrder\":0,\"GridGUID\":\"46a785d3-e21e-4117-8366-ebddea345dee\",\"OriginCoordinate\":{\"x\":4.0,\"y\":4.0},\"Rotation\":90,\"Contents\":{\"Items\":[\"{\\\"DataType\\\":\\\"ItemData\\\",\\\"DataVersion\\\":0,\\\"GameVersion\\\":\\\"0.4.0f5\\\",\\\"ID\\\":\\\"trashbag\\\",\\\"Quantity\\\":10}\",\"{\\\"DataType\\\":\\\"ItemData\\\",\\\"DataVersion\\\":0,\\\"GameVersion\\\":\\\"0.4.0f5\\\",\\\"ID\\\":\\\"trashbag\\\",\\\"Quantity\\\":8}\",\"{\\\"DataType\\\":\\\"WeedData\\\",\\\"DataVersion\\\":0,\\\"GameVersion\\\":\\\"0.4.0f5\\\",\\\"ID\\\":\\\"granddaddystink\\\",\\\"Quantity\\\":1,\\\"Quality\\\":\\\"Premium\\\",\\\"PackagingID\\\":\\\"\\\"}\",\"{\\\"DataType\\\":\\\"WeedData\\\",\\\"DataVersion\\\":0,\\\"GameVersion\\\":\\\"0.4.0f5\\\",\\\"ID\\\":\\\"californiapunch\\\",\\\"Quantity\\\":1,\\\"Quality\\\":\\\"Standard\\\",\\\"PackagingID\\\":\\\"baggie\\\"}\",\"{\\\"DataType\\\":\\\"WeedData\\\",\\\"DataVersion\\\":0,\\\"GameVersion\\\":\\\"0.4.0f5\\\",\\\"ID\\\":\\\"fruityqueef\\\",\\\"Quantity\\\":1,\\\"Quality\\\":\\\"Standard\\\",\\\"PackagingID\\\":\\\"baggie\\\"}\",\"{\\\"DataType\\\":\\\"WeedData\\\",\\\"DataVersion\\\":0,\\\"GameVersion\\\":\\\"0.4.0f5\\\",\\\"ID\\\":\\\"miraclecrack\\\",\\\"Quantity\\\":1,\\\"Quality\\\":\\\"Premium\\\",\\\"PackagingID\\\":\\\"\\\"}\",\"{\\\"DataType\\\":\\\"ItemData\\\",\\\"DataVersion\\\":0,\\\"GameVersion\\\":\\\"0.4.0f5\\\",\\\"ID\\\":\\\"\\\",\\\"Quantity\\\":0}\",\"{\\\"DataType\\\":\\\"ItemData\\\",\\\"DataVersion\\\":0,\\\"GameVersion\\\":\\\"0.4.0f5\\\",\\\"ID\\\":\\\"\\\",\\\"Quantity\\\":0}\"],\"SlotFilters\":[{\"Type\":0,\"ItemIDs\":[],\"AllowedQualities\":[0,1,2,3,4]},{\"Type\":0,\"ItemIDs\":[],\"AllowedQualities\":[0,1,2,3,4]},{\"Type\":0,\"ItemIDs\":[],\"AllowedQualities\":[0,1,2,3,4]},{\"Type\":0,\"ItemIDs\":[],\"AllowedQualities\":[0,1,2,3,4]},{\"Type\":0,\"ItemIDs\":[],\"AllowedQualities\":[0,1,2,3,4]},{\"Type\":0,\"ItemIDs\":[],\"AllowedQualities\":[0,1,2,3,4]},{\"Type\":0,\"ItemIDs\":[],\"AllowedQualities\":[0,1,2,3,4]},{\"Type\":0,\"ItemIDs\":[],\"AllowedQualities\":[0,1,2,3,4]}]}}",
            "AdditionalDatas": []
        },
        {
            "DataType": "PlaceableStorageData",
            "DataVersion": 0,
            "GameVersion": "0.4.0f5",
            "BaseData": "{\"DataType\":\"PlaceableStorageData\",\"DataVersion\":0,\"GameVersion\":\"0.4.0f5\",\"GUID\":\"f5f73f6a-21b9-41c6-b8b1-a886d9dea6e3\",\"ItemString\":\"{\\n    \\\"DataType\\\": \\\"ItemData\\\",\\n    \\\"DataVersion\\\": 0,\\n    \\\"GameVersion\\\": \\\"0.4.0f5\\\",\\n    \\\"ID\\\": \\\"bed\\\",\\n    \\\"Quantity\\\": 1\\n}\",\"LoadOrder\":0,\"GridGUID\":\"46a785d3-e21e-4117-8366-ebddea345dee\",\"OriginCoordinate\":{\"x\":5.0,\"y\":0.0},\"Rotation\":0,\"Contents\":{\"Items\":[\"{\\\"DataType\\\":\\\"ItemData\\\",\\\"DataVersion\\\":0,\\\"GameVersion\\\":\\\"0.4.0f5\\\",\\\"ID\\\":\\\"\\\",\\\"Quantity\\\":0}\",\"{\\\"DataType\\\":\\\"ItemData\\\",\\\"DataVersion\\\":0,\\\"GameVersion\\\":\\\"0.4.0f5\\\",\\\"ID\\\":\\\"\\\",\\\"Quantity\\\":0}\",\"{\\\"DataType\\\":\\\"ItemData\\\",\\\"DataVersion\\\":0,\\\"GameVersion\\\":\\\"0.4.0f5\\\",\\\"ID\\\":\\\"\\\",\\\"Quantity\\\":0}\",\"{\\\"DataType\\\":\\\"ItemData\\\",\\\"DataVersion\\\":0,\\\"GameVersion\\\":\\\"0.4.0f5\\\",\\\"ID\\\":\\\"\\\",\\\"Quantity\\\":0}\"],\"SlotFilters\":[{\"Type\":0,\"ItemIDs\":[],\"AllowedQualities\":[0,1,2,3,4]},{\"Type\":0,\"ItemIDs\":[],\"AllowedQualities\":[0,1,2,3,4]},{\"Type\":0,\"ItemIDs\":[],\"AllowedQualities\":[0,1,2,3,4]},{\"Type\":0,\"ItemIDs\":[],\"AllowedQualities\":[0,1,2,3,4]}]}}",
            "AdditionalDatas": []
        },
        {
            "DataType": "PlaceableStorageData",
            "DataVersion": 0,
            "GameVersion": "0.4.0f5",
            "BaseData": "{\"DataType\":\"PlaceableStorageData\",\"DataVersion\":0,\"GameVersion\":\"0.4.0f5\",\"GUID\":\"a438919c-3323-4a3c-992f-f42fd0290588\",\"ItemString\":\"{\\n    \\\"DataType\\\": \\\"ItemData\\\",\\n    \\\"DataVersion\\\": 0,\\n    \\\"GameVersion\\\": \\\"0.4.0f5\\\",\\n    \\\"ID\\\": \\\"mediumstoragerack\\\",\\n    \\\"Quantity\\\": 1\\n}\",\"LoadOrder\":0,\"GridGUID\":\"46a785d3-e21e-4117-8366-ebddea345dee\",\"OriginCoordinate\":{\"x\":9.0,\"y\":5.0},\"Rotation\":-90,\"Contents\":{\"Items\":[\"{\\\"DataType\\\":\\\"ItemData\\\",\\\"DataVersion\\\":0,\\\"GameVersion\\\":\\\"0.4.0f5\\\",\\\"ID\\\":\\\"jar\\\",\\\"Quantity\\\":4}\",\"{\\\"DataType\\\":\\\"ItemData\\\",\\\"DataVersion\\\":0,\\\"GameVersion\\\":\\\"0.4.0f5\\\",\\\"ID\\\":\\\"baggie\\\",\\\"Quantity\\\":14}\",\"{\\\"DataType\\\":\\\"ItemData\\\",\\\"DataVersion\\\":0,\\\"GameVersion\\\":\\\"0.4.0f5\\\",\\\"ID\\\":\\\"banana\\\",\\\"Quantity\\\":4}\",\"{\\\"DataType\\\":\\\"ItemData\\\",\\\"DataVersion\\\":0,\\\"GameVersion\\\":\\\"0.4.0f5\\\",\\\"ID\\\":\\\"\\\",\\\"Quantity\\\":0}\",\"{\\\"DataType\\\":\\\"ItemData\\\",\\\"DataVersion\\\":0,\\\"GameVersion\\\":\\\"0.4.0f5\\\",\\\"ID\\\":\\\"\\\",\\\"Quantity\\\":0}\",\"{\\\"DataType\\\":\\\"ItemData\\\",\\\"DataVersion\\\":0,\\\"GameVersion\\\":\\\"0.4.0f5\\\",\\\"ID\\\":\\\"\\\",\\\"Quantity\\\":0}\"],\"SlotFilters\":[{\"Type\":0,\"ItemIDs\":[],\"AllowedQualities\":[0,1,2,3,4]},{\"Type\":0,\"ItemIDs\":[],\"AllowedQualities\":[0,1,2,3,4]},{\"Type\":0,\"ItemIDs\":[],\"AllowedQualities\":[0,1,2,3,4]},{\"Type\":0,\"ItemIDs\":[],\"AllowedQualities\":[0,1,2,3,4]},{\"Type\":0,\"ItemIDs\":[],\"AllowedQualities\":[0,1,2,3,4]},{\"Type\":0,\"ItemIDs\":[],\"AllowedQualities\":[0,1,2,3,4]}]}}",
            "AdditionalDatas": []
        },
        {
            "DataType": "PlaceableStorageData",
            "DataVersion": 0,
            "GameVersion": "0.4.0f5",
            "BaseData": "{\"DataType\":\"PlaceableStorageData\",\"DataVersion\":0,\"GameVersion\":\"0.4.0f5\",\"GUID\":\"32876943-a064-4be5-a42b-a05e4054227a\",\"ItemString\":\"{\\n    \\\"DataType\\\": \\\"ItemData\\\",\\n    \\\"DataVersion\\\": 0,\\n    \\\"GameVersion\\\": \\\"0.4.0f5\\\",\\n    \\\"ID\\\": \\\"locker\\\",\\n    \\\"Quantity\\\": 1\\n}\",\"LoadOrder\":0,\"GridGUID\":\"46a785d3-e21e-4117-8366-ebddea345dee\",\"OriginCoordinate\":{\"x\":17.0,\"y\":9.0},\"Rotation\":-90,\"Contents\":{\"Items\":[\"{\\\"DataType\\\":\\\"ItemData\\\",\\\"DataVersion\\\":0,\\\"GameVersion\\\":\\\"0.4.0f5\\\",\\\"ID\\\":\\\"cuke\\\",\\\"Quantity\\\":18}\",\"{\\\"DataType\\\":\\\"ItemData\\\",\\\"DataVersion\\\":0,\\\"GameVersion\\\":\\\"0.4.0f5\\\",\\\"ID\\\":\\\"paracetamol\\\",\\\"Quantity\\\":2}\",\"{\\\"DataType\\\":\\\"ItemData\\\",\\\"DataVersion\\\":0,\\\"GameVersion\\\":\\\"0.4.0f5\\\",\\\"ID\\\":\\\"gasoline\\\",\\\"Quantity\\\":6}\",\"{\\\"DataType\\\":\\\"ItemData\\\",\\\"DataVersion\\\":0,\\\"GameVersion\\\":\\\"0.4.0f5\\\",\\\"ID\\\":\\\"energydrink\\\",\\\"Quantity\\\":18}\",\"{\\\"DataType\\\":\\\"ItemData\\\",\\\"DataVersion\\\":0,\\\"GameVersion\\\":\\\"0.4.0f5\\\",\\\"ID\\\":\\\"flumedicine\\\",\\\"Quantity\\\":18}\",\"{\\\"DataType\\\":\\\"ItemData\\\",\\\"DataVersion\\\":0,\\\"GameVersion\\\":\\\"0.4.0f5\\\",\\\"ID\\\":\\\"\\\",\\\"Quantity\\\":0}\"],\"SlotFilters\":[{\"Type\":0,\"ItemIDs\":[],\"AllowedQualities\":[0,1,2,3,4]},{\"Type\":0,\"ItemIDs\":[],\"AllowedQualities\":[0,1,2,3,4]},{\"Type\":0,\"ItemIDs\":[],\"AllowedQualities\":[0,1,2,3,4]},{\"Type\":0,\"ItemIDs\":[],\"AllowedQualities\":[0,1,2,3,4]},{\"Type\":0,\"ItemIDs\":[],\"AllowedQualities\":[0,1,2,3,4]},{\"Type\":0,\"ItemIDs\":[],\"AllowedQualities\":[0,1,2,3,4]}]}}",
            "AdditionalDatas": []
        },
        {
            "DataType": "TrashContainerData",
            "DataVersion": 0,
            "GameVersion": "0.4.0f5",
            "BaseData": "{\"DataType\":\"TrashContainerData\",\"DataVersion\":0,\"GameVersion\":\"0.4.0f5\",\"GUID\":\"8d0f06de-cee4-4b5d-ad8b-59600e7337b1\",\"ItemString\":\"{\\n    \\\"DataType\\\": \\\"ItemData\\\",\\n    \\\"DataVersion\\\": 0,\\n    \\\"GameVersion\\\": \\\"0.4.0f5\\\",\\n    \\\"ID\\\": \\\"trashcan\\\",\\n    \\\"Quantity\\\": 1\\n}\",\"LoadOrder\":0,\"GridGUID\":\"46a785d3-e21e-4117-8366-ebddea345dee\",\"OriginCoordinate\":{\"x\":16.0,\"y\":8.0},\"Rotation\":-90,\"ContentData\":{\"TrashIDs\":[\"seedvial\",\"flumedicine\",\"cuke\",\"gasoline\",\"plantscrap\"],\"TrashQuantities\":[2,2,2,1,1]}}",
            "AdditionalDatas": []
        },
        {
            "DataType": "PotData",
            "DataVersion": 0,
            "GameVersion": "0.4.0f5",
            "BaseData": "{\"DataType\":\"PotData\",\"DataVersion\":0,\"GameVersion\":\"0.4.0f5\",\"GUID\":\"48ae5aca-baff-49ff-a608-23fb517ac7ff\",\"ItemString\":\"{\\n    \\\"DataType\\\": \\\"ItemData\\\",\\n    \\\"DataVersion\\\": 0,\\n    \\\"GameVersion\\\": \\\"0.4.0f5\\\",\\n    \\\"ID\\\": \\\"growtent\\\",\\n    \\\"Quantity\\\": 1\\n}\",\"LoadOrder\":0,\"GridGUID\":\"46a785d3-e21e-4117-8366-ebddea345dee\",\"OriginCoordinate\":{\"x\":6.0,\"y\":11.0},\"Rotation\":180,\"SoilID\":\"\",\"SoilLevel\":0.0,\"RemainingSoilUses\":0,\"WaterLevel\":0.0,\"AppliedAdditives\":[],\"PlantData\":{\"DataType\":\"PlantData\",\"DataVersion\":0,\"GameVersion\":\"0.4.0f5\",\"SeedID\":\"\",\"GrowthProgress\":0.0,\"YieldLevel\":0.0,\"QualityLevel\":0.0,\"ActiveBuds\":[]}}",
            "AdditionalDatas": []
        },
        {
            "DataType": "PotData",
            "DataVersion": 0,
            "GameVersion": "0.4.0f5",
            "BaseData": "{\"DataType\":\"PotData\",\"DataVersion\":0,\"GameVersion\":\"0.4.0f5\",\"GUID\":\"ecbb95a8-5bf2-4efd-980a-7a08d42c546b\",\"ItemString\":\"{\\n    \\\"DataType\\\": \\\"ItemData\\\",\\n    \\\"DataVersion\\\": 0,\\n    \\\"GameVersion\\\": \\\"0.4.0f5\\\",\\n    \\\"ID\\\": \\\"growtent\\\",\\n    \\\"Quantity\\\": 1\\n}\",\"LoadOrder\":0,\"GridGUID\":\"46a785d3-e21e-4117-8366-ebddea345dee\",\"OriginCoordinate\":{\"x\":4.0,\"y\":11.0},\"Rotation\":180,\"SoilID\":\"\",\"SoilLevel\":0.0,\"RemainingSoilUses\":0,\"WaterLevel\":0.0,\"AppliedAdditives\":[],\"PlantData\":{\"DataType\":\"PlantData\",\"DataVersion\":0,\"GameVersion\":\"0.4.0f5\",\"SeedID\":\"\",\"GrowthProgress\":0.0,\"YieldLevel\":0.0,\"QualityLevel\":0.0,\"ActiveBuds\":[]}}",
            "AdditionalDatas": []
        },
        {
            "DataType": "ToggleableItemData",
            "DataVersion": 0,
            "GameVersion": "0.4.0f5",
            "BaseData": "{\"DataType\":\"ToggleableItemData\",\"DataVersion\":0,\"GameVersion\":\"0.4.0f5\",\"GUID\":\"13289053-e5d7-486b-8922-93d6d7abcec2\",\"ItemString\":\"{\\n    \\\"DataType\\\": \\\"ItemData\\\",\\n    \\\"DataVersion\\\": 0,\\n    \\\"GameVersion\\\": \\\"0.4.0f5\\\",\\n    \\\"ID\\\": \\\"floorlamp\\\",\\n    \\\"Quantity\\\": 1\\n}\",\"LoadOrder\":0,\"GridGUID\":\"46a785d3-e21e-4117-8366-ebddea345dee\",\"OriginCoordinate\":{\"x\":17.0,\"y\":8.0},\"Rotation\":-90,\"IsOn\":true}",
            "AdditionalDatas": []
        },
        {
            "DataType": "TrashContainerData",
            "DataVersion": 0,
            "GameVersion": "0.4.0f5",
            "BaseData": "{\"DataType\":\"TrashContainerData\",\"DataVersion\":0,\"GameVersion\":\"0.4.0f5\",\"GUID\":\"35ca0166-db66-4cf6-a28e-a2d4418b0b9e\",\"ItemString\":\"{\\n    \\\"DataType\\\": \\\"ItemData\\\",\\n    \\\"DataVersion\\\": 0,\\n    \\\"GameVersion\\\": \\\"0.4.0f5\\\",\\n    \\\"ID\\\": \\\"trashcan\\\",\\n    \\\"Quantity\\\": 1\\n}\",\"LoadOrder\":0,\"GridGUID\":\"46a785d3-e21e-4117-8366-ebddea345dee\",\"OriginCoordinate\":{\"x\":0.0,\"y\":7.0},\"Rotation\":0,\"ContentData\":{\"TrashIDs\":[],\"TrashQuantities\":[]}}",
            "AdditionalDatas": []
        }
    ]
}