{
    "DataType": "MetaData",
    "DataVersion": 0,
    "GameVersion": "0.4.0f5",
    "CreationDate": {
        "DataType": "DateTimeData",
        "DataVersion": 0,
        "GameVersion": "0.4.0f5",
        "Year": 2025,
        "Month": 9,
        "Day": 9,
        "Hour": 16,
        "Minute": 54,
        "Second": 46
    },
    "LastPlayedDate": {
        "DataType": "DateTimeData",
        "DataVersion": 0,
        "GameVersion": "0.4.0f5",
        "Year": 2025,
        "Month": 9,
        "Day": 9,
        "Hour": 17,
        "Minute": 43,
        "Second": 38
    },
    "CreationVersion": "0.4.0f5",
    "LastSaveVersion": "0.4.0f5",
    "PlayTutorial": false
}