{
    "DataType": "ProductManagerData",
    "DataVersion": 0,
    "GameVersion": "0.4.0f5",
    "DiscoveredProducts": [
        "ogkush",
        "sourdiesel",
        "greencrack",
        "granddaddypurple",
        "cocaine"
    ],
    "ListedProducts": [
        "ogkush"
    ],
    "ActiveMixOperation": {
        "ProductID": "",
        "IngredientID": ""
    },
    "IsMixComplete": false,
    "MixRecipes": [],
    "ProductPrices": [
        {
            "String": "ogkush",
            "Int": 40
        },
        {
            "String": "sourdiesel",
            "Int": 40
        },
        {
            "String": "greencrack",
            "Int": 43
        },
        {
            "String": "granddaddypurple",
            "Int": 44
        },
        {
            "String": "meth",
            "Int": 70
        },
        {
            "String": "cocaine",
            "Int": 150
        }
    ],
    "FavouritedProducts": [],
    "CreatedWeed": [],
    "CreatedMeth": [],
    "CreatedCocaine": [],
    "ContractReceipts": [
        {
            "ReceiptId": -1500738619,
            "CompletedBy": 0,
            "CustomerId": "jessi_waters",
            "CompletionTime": {
                "elapsedDays": 2,
                "time": 20
            },
            "Items": [
                {
                    "String": "ogkush",
                    "Int": 3
                }
            ],
            "AmountPaid": 180.0
        },
        {
            "ReceiptId": -269894405,
            "CompletedBy": 0,
            "CustomerId": "mick_lubbin",
            "CompletionTime": {
                "elapsedDays": 2,
                "time": 37
            },
            "Items": [
                {
                    "String": "ogkush",
                    "Int": 2
                }
            ],
            "AmountPaid": 120.0
        }
    ]
}