{
    "Gender": 0,
    "Weight": 0.38271889090538027,
    "SkinColor": {
        "r": 0.17000000178813935,
        "g": 0.15000000596046449,
        "b": 0.12999999523162843,
        "a": 1.0
    },
    "HairStyle": "Avatar/Hair/MidFringe/MidFringe",
    "HairColor": {
        "r": 0.8100000023841858,
        "g": 0.8100000023841858,
        "b": 0.8100000023841858,
        "a": 1.0
    },
    "Mouth": "Avatar/Layers/Face/Face_SmugPout",
    "FacialHair": "Avatar/Layers/Face/FacialHair_Stubble",
    "FacialDetails": "Avatar/Layers/Face/Freckles",
    "FacialDetailsIntensity": 1.0,
    "EyeballColor": {
        "r": 1.0,
        "g": 0.6499999761581421,
        "b": 0.6499999761581421,
        "a": 1.0
    },
    "UpperEyeLidRestingPosition": 0.6330645084381104,
    "LowerEyeLidRestingPosition": 0.0,
    "PupilDilation": 1.0,
    "EyebrowScale": 1.5207951068878174,
    "EyebrowThickness": 2.5,
    "EyebrowRestingHeight": 0.5253456830978394,
    "EyebrowRestingAngle": 7.292625427246094,
    "Top": "Avatar/Layers/Top/T-Shirt",
    "TopColor": {
        "r": 0.15000000596046449,
        "g": 0.15000000596046449,
        "b": 0.15000000596046449,
        "a": 1.0
    },
    "Bottom": "Avatar/Layers/Bottom/CargoPants",
    "BottomColor": {
        "r": 0.6499999761581421,
        "g": 0.23000000417232514,
        "b": 0.23000000417232514,
        "a": 1.0
    },
    "Shoes": "Avatar/Accessories/Feet/Sneakers/Sneakers",
    "ShoesColor": {
        "r": 1.0,
        "g": 1.0,
        "b": 1.0,
        "a": 1.0
    },
    "Headwear": "",
    "HeadwearColor": {
        "r": 1.0,
        "g": 1.0,
        "b": 1.0,
        "a": 1.0
    },
    "Eyewear": "",
    "EyewearColor": {
        "r": 0.0,
        "g": 0.0,
        "b": 0.0,
        "a": 0.0
    },
    "Tattoos": []
}