{
    "Items": [
        "{\"DataType\":\"ItemData\",\"DataVersion\":0,\"GameVersion\":\"0.4.0f5\",\"ID\":\"baseballbat\",\"Quantity\":1}",
        "{\"DataType\":\"ItemData\",\"DataVersion\":0,\"GameVersion\":\"0.4.0f5\",\"ID\":\"skateboard\",\"Quantity\":1}",
        "{\"DataType\":\"ItemData\",\"DataVersion\":0,\"GameVersion\":\"0.4.0f5\",\"ID\":\"flumedicine\",\"Quantity\":1}",
        "{\"DataType\":\"ItemData\",\"DataVersion\":0,\"GameVersion\":\"0.4.0f5\",\"ID\":\"banana\",\"Quantity\":1}",
        "{\"DataType\":\"ItemData\",\"DataVersion\":0,\"GameVersion\":\"0.4.0f5\",\"ID\":\"\",\"Quantity\":0}",
        "{\"DataType\":\"ItemData\",\"DataVersion\":0,\"GameVersion\":\"0.4.0f5\",\"ID\":\"\",\"Quantity\":0}",
        "{\"DataType\":\"ItemData\",\"DataVersion\":0,\"GameVersion\":\"0.4.0f5\",\"ID\":\"\",\"Quantity\":0}",
        "{\"DataType\":\"ItemData\",\"DataVersion\":0,\"GameVersion\":\"0.4.0f5\",\"ID\":\"\",\"Quantity\":0}",
        "{\"DataType\":\"CashData\",\"DataVersion\":0,\"GameVersion\":\"0.4.0f5\",\"ID\":\"cash\",\"Quantity\":1,\"CashBalance\":0.0}"
    ],
    "SlotFilters": [
        {
            "Type": 0,
            "ItemIDs": [],
            "AllowedQualities": [
                0,
                1,
                2,
                3,
                4
            ]
        },
        {
            "Type": 0,
            "ItemIDs": [],
            "AllowedQualities": [
                0,
                1,
                2,
                3,
                4
            ]
        },
        {
            "Type": 0,
            "ItemIDs": [],
            "AllowedQualities": [
                0,
                1,
                2,
                3,
                4
            ]
        },
        {
            "Type": 0,
            "ItemIDs": [],
            "AllowedQualities": [
                0,
                1,
                2,
                3,
                4
            ]
        },
        {
            "Type": 0,
            "ItemIDs": [],
            "AllowedQualities": [
                0,
                1,
                2,
                3,
                4
            ]
        },
        {
            "Type": 0,
            "ItemIDs": [],
            "AllowedQualities": [
                0,
                1,
                2,
                3,
                4
            ]
        },
        {
            "Type": 0,
            "ItemIDs": [],
            "AllowedQualities": [
                0,
                1,
                2,
                3,
                4
            ]
        },
        {
            "Type": 0,
            "ItemIDs": [],
            "AllowedQualities": [
                0,
                1,
                2,
                3,
                4
            ]
        },
        {
            "Type": 0,
            "ItemIDs": [],
            "AllowedQualities": [
                0,
                1,
                2,
                3,
                4
            ]
        }
    ]
}